//! Generic registry import engine for desktop visual styles and metrics.
//!
//! Copies the default user profile registry hive (`Default\NTUSER.DAT`) to an isolated
//! temporary directory, loads it into a temporary subkey, extracts original non-client
//! metrics, colors, and visual appearance configurations directly from the operating
//! system template, and restores them to the active interactive user's registry hive.

use std::{
    borrow::Cow,
    fs,
    path::{Path, PathBuf},
};

use anyhow::{Context, Result, anyhow, bail};
use elevate_ti::{Privilege, ProcessToken};
use rust_i18n::t;
use windows::Win32::System::Threading::GetCurrentProcessId;
use winreg::{
    RegKey, RegValue,
    enums::{HKEY_LOCAL_MACHINE, HKEY_USERS, KEY_ALL_ACCESS, KEY_READ, RegType},
};
use winsafe::{ExpandEnvironmentStrings, HKEY, SHGetKnownFolderPath, co};

use crate::desktop::session;

/// Unique subkey name under `HKEY_USERS` used for mounting the default user profile hive temporarily.
const TEMPORARY_DEFAULT_HIVE_SUBKEY_NAME: &str =
    "Z7K9T2Y5X8V4N1Q6P0M3L8R2S9W5H1G7J4D6C0F.Toolbox.TemporaryDefaultUserHiveMount";

/// Relative subkey paths within the user profile hive that must be cloned for metrics restoration.
const TARGET_METRICS_REGISTRY_SUBKEY_PATHS: &[&str] = &[
    r"Control Panel\Appearance",
    r"Control Panel\Colors",
    r"Control Panel\Desktop\WindowMetrics",
];

/// Relative subkey path within the user profile hive containing classic visual appearance schemes.
const APPEARANCE_SCHEMES_SUBKEY_PATH: &str = r"Control Panel\Appearance\Schemes";

/// Registry path holding profile directory configurations.
const PROFILE_LIST_REGISTRY_PATH: &str =
    r"SOFTWARE\Microsoft\Windows NT\CurrentVersion\ProfileList";

/// Registry value name for the default user profile directory.
const DEFAULT_PROFILE_VALUE_NAME: &str = "Default";

/// File name of the user profile registry hive.
const DEFAULT_USER_PROFILE_HIVE_FILE_NAME: &str = "NTUSER.DAT";

/// RAII guard ensuring the temporary mounted registry hive is properly unloaded
/// and its isolated temporary directory is cleaned up on drop.
struct LoadedHiveGuard {
    mounted_hive_subkey_name: String,
    temporary_directory_path: PathBuf,
}

impl LoadedHiveGuard {
    /// Copy the offline hive file to an isolated temporary location and mount it under `HKEY_USERS`.
    fn load(mounted_hive_subkey_name: &str, source_hive_file_path: &Path) -> Result<Self> {
        enable_required_registry_privileges()
            .context(t!("ERROR_ENABLE_REGISTRY_PRIVILEGES_FAILED"))?;

        let current_process_id = unsafe { GetCurrentProcessId() };
        let timestamp_millis = std::time::SystemTime::now()
            .duration_since(std::time::UNIX_EPOCH)
            .map_or(1_145_140_000_000, |duration| duration.as_millis());

        let temporary_directory_name =
            format!("{TEMPORARY_DEFAULT_HIVE_SUBKEY_NAME}.{current_process_id}{timestamp_millis}");
        let temporary_directory_path = std::env::temp_dir().join(temporary_directory_name);

        fs::create_dir_all(&temporary_directory_path).context(t!(
            "CONFIG_DIR_CREATE_FAILED",
            config_path_parent = temporary_directory_path.display().to_string()
        ))?;

        let temporary_hive_file_path =
            temporary_directory_path.join(DEFAULT_USER_PROFILE_HIVE_FILE_NAME);
        fs::copy(source_hive_file_path, &temporary_hive_file_path).context(t!(
            "CONFIG_WRITE_FAILED",
            config_path = temporary_hive_file_path.display().to_string()
        ))?;

        let hive_path_string = temporary_hive_file_path
            .to_str()
            .context(t!("ERROR_RESOLVE_DEFAULT_PROFILE_PATH_FAILED"))?;

        HKEY::USERS
            .RegLoadKey(Some(mounted_hive_subkey_name), hive_path_string)
            .map_err(|hive_load_error| anyhow!("{hive_load_error}"))?;

        Ok(Self {
            mounted_hive_subkey_name: mounted_hive_subkey_name.to_string(),
            temporary_directory_path,
        })
    }
}

impl Drop for LoadedHiveGuard {
    fn drop(&mut self) {
        if let Err(hive_unload_error) =
            HKEY::USERS.RegUnLoadKey(Some(&self.mounted_hive_subkey_name))
        {
            let hive_unload_error_message = hive_unload_error.to_string();
            log::warn!(
                "{}",
                t!(
                    "WARN_UNLOAD_DEFAULT_HIVE_FAILED",
                    subkey = self.mounted_hive_subkey_name,
                    error_message = hive_unload_error_message
                )
            );
        }

        let _ = fs::remove_dir_all(&self.temporary_directory_path);
    }
}

/// Restore default visual styles, system colors, and non-client metrics for the active user.
///
/// Copies `Default\NTUSER.DAT` to a temporary directory, mounts the replica into `HKEY_USERS`,
/// purges existing configurations under the target keys, clones default entries into the active
/// user's registry hive, and ensures clean unmounting and removal of temporary files.
pub fn apply_default_metrics() -> Result<()> {
    let default_hive_file_path = resolve_default_user_hive_path()?;
    let default_hive_file_path_string = default_hive_file_path.display().to_string();
    if !default_hive_file_path.exists() {
        bail!(
            "{}",
            t!(
                "ERROR_DEFAULT_HIVE_NOT_FOUND",
                default_hive_file_path = default_hive_file_path_string
            )
        );
    }

    // 1. Copy and mount the offline Default NTUSER.DAT into HKEY_USERS
    let _loaded_hive_guard =
        LoadedHiveGuard::load(TEMPORARY_DEFAULT_HIVE_SUBKEY_NAME, &default_hive_file_path)
            .with_context(|| {
                format!(
                    "{}: {}",
                    t!(
                        "ERROR_MOUNT_DEFAULT_HIVE_FAILED",
                        default_hive_file_path = default_hive_file_path_string
                    ),
                    default_hive_file_path.display()
                )
            })?;

    // 2. Open registry roots. Because mounted_template_root_key and active_user_root_key
    // are declared after _loaded_hive_guard, Rust's LIFO drop order guarantees that
    // all open registry subkey handles are closed before _loaded_hive_guard calls RegUnLoadKey.
    let users_root_key = RegKey::predef(HKEY_USERS);
    let mounted_template_root_key = users_root_key
        .open_subkey_with_flags(TEMPORARY_DEFAULT_HIVE_SUBKEY_NAME, KEY_READ)
        .context(t!("ERROR_OPEN_MOUNTED_HIVE_FAILED"))?;

    let active_user_root_key = session::open_active_user_registry_root()?;

    // 3. Purge existing target keys and clone fresh contents
    for relative_metrics_subkey_path in TARGET_METRICS_REGISTRY_SUBKEY_PATHS {
        reset_active_user_subkey_from_mounted_template(
            &mounted_template_root_key,
            &active_user_root_key,
            relative_metrics_subkey_path,
        )?;
    }

    Ok(())
}

/// Restore default classic visual appearance schemes for the active user.
///
/// Copies `Default\NTUSER.DAT` to a temporary directory, mounts the replica into `HKEY_USERS`,
/// purges existing configurations under `Control Panel\Appearance\Schemes`, clones default preset
/// schemes into the active user's registry hive, and cleanly unmounts the temporary hive.
pub fn restore_default_classic_schemes() -> Result<()> {
    let default_hive_file_path = resolve_default_user_hive_path()?;
    let default_hive_file_path_string = default_hive_file_path.display().to_string();
    if !default_hive_file_path.exists() {
        bail!(
            "{}",
            t!(
                "ERROR_DEFAULT_HIVE_NOT_FOUND",
                default_hive_file_path = default_hive_file_path_string
            )
        );
    }

    let _loaded_hive_guard =
        LoadedHiveGuard::load(TEMPORARY_DEFAULT_HIVE_SUBKEY_NAME, &default_hive_file_path)
            .with_context(|| {
                format!(
                    "{}: {}",
                    t!(
                        "ERROR_MOUNT_DEFAULT_HIVE_FAILED",
                        default_hive_file_path = default_hive_file_path_string
                    ),
                    default_hive_file_path.display()
                )
            })?;

    let users_root_key = RegKey::predef(HKEY_USERS);
    let mounted_template_root_key = users_root_key
        .open_subkey_with_flags(TEMPORARY_DEFAULT_HIVE_SUBKEY_NAME, KEY_READ)
        .context(t!("ERROR_OPEN_MOUNTED_HIVE_FAILED"))?;

    let active_user_root_key = session::open_active_user_registry_root()?;

    reset_active_user_subkey_from_mounted_template(
        &mounted_template_root_key,
        &active_user_root_key,
        APPEARANCE_SCHEMES_SUBKEY_PATH,
    )?;

    Ok(())
}

/// Purge existing user configuration and clone fresh values from the mounted default user hive subkey.
fn reset_active_user_subkey_from_mounted_template(
    source_template_root_key: &RegKey,
    target_user_root_key: &RegKey,
    relative_target_subkey_path: &str,
) -> Result<()> {
    let source_template_subkey = source_template_root_key
        .open_subkey_with_flags(relative_target_subkey_path, KEY_READ)
        .with_context(|| {
            t!(
                "ERROR_OPEN_DEFAULT_HIVE_SUBKEY_FAILED",
                subkey_path = relative_target_subkey_path
            )
        })?;

    let (target_user_subkey, _disposition) = target_user_root_key
        .create_subkey_with_flags(relative_target_subkey_path, KEY_ALL_ACCESS)
        .with_context(|| {
            t!(
                "ERROR_OPEN_ACTIVE_USER_SUBKEY_FAILED",
                subkey_path = relative_target_subkey_path
            )
        })?;

    // Step 1: Collect and delete all existing values under the target user's subkey
    let target_user_existing_value_names: Vec<String> = target_user_subkey
        .enum_values()
        .filter_map(|registry_value_entry_result| {
            registry_value_entry_result
                .ok()
                .map(|(existing_value_name, _existing_value_data)| existing_value_name)
        })
        .collect();

    for target_user_existing_value_name in target_user_existing_value_names {
        target_user_subkey
            .delete_value(&target_user_existing_value_name)
            .with_context(|| {
                t!(
                    "ERROR_REGISTRY_DELETE_VALUE_FAILED",
                    value_name = target_user_existing_value_name
                )
            })?;
    }

    // Step 2: Clone all values from the source template subkey
    for enum_result in source_template_subkey.enum_values() {
        let (source_value_name, source_value_data) = enum_result.with_context(|| {
            t!(
                "ERROR_REGISTRY_ENUM_VALUES_FAILED",
                subkey_path = relative_target_subkey_path
            )
        })?;

        target_user_subkey
            .set_raw_value(&source_value_name, &source_value_data)
            .with_context(|| {
                t!(
                    "ERROR_REGISTRY_SET_VALUE_FAILED",
                    value_name = source_value_name
                )
            })?;
    }

    Ok(())
}

/// Enable `SeBackupPrivilege` and `SeRestorePrivilege` for the current process token.
fn enable_required_registry_privileges() -> Result<()> {
    let current_token = ProcessToken::current_process()?;
    current_token.enable_privileges(&[Privilege::Backup, Privilege::Restore])?;
    Ok(())
}

/// Resolve the absolute path to the default user's `NTUSER.DAT` hive file dynamically.
fn resolve_default_user_hive_path() -> Result<PathBuf> {
    // 1. Try Windows Known Folder (UserProfiles, e.g. D:\Users)
    if let Some(user_profiles_directory) = fetch_user_profiles_known_folder() {
        let known_folder_candidate_path = user_profiles_directory
            .join("Default")
            .join(DEFAULT_USER_PROFILE_HIVE_FILE_NAME);
        if known_folder_candidate_path.exists() {
            return Ok(known_folder_candidate_path);
        }
    }

    // 2. Try HKLM ProfileList registry entry (expanded if contains environment variables)
    if let Ok(registry_default_profile_directory) = query_default_profile_path_from_registry() {
        let registry_candidate_path =
            registry_default_profile_directory.join(DEFAULT_USER_PROFILE_HIVE_FILE_NAME);
        if registry_candidate_path.exists() {
            return Ok(registry_candidate_path);
        }
    }

    // 3. Fallback: Dynamically resolve from active %SystemDrive% (never hardcode "C:\")
    if let Some(system_drive) = std::env::var_os("SystemDrive") {
        let system_drive_candidate_path = PathBuf::from(system_drive)
            .join(std::path::MAIN_SEPARATOR_STR)
            .join("Users")
            .join("Default")
            .join(DEFAULT_USER_PROFILE_HIVE_FILE_NAME);

        if system_drive_candidate_path.exists() {
            return Ok(system_drive_candidate_path);
        }
    }

    bail!("{}", t!("ERROR_RESOLVE_DEFAULT_PROFILE_PATH_FAILED"))
}

/// Query the path to the user profiles root directory using [`winsafe::SHGetKnownFolderPath`].
fn fetch_user_profiles_known_folder() -> Option<PathBuf> {
    SHGetKnownFolderPath(&co::KNOWNFOLDERID::UserProfiles, co::KF::DEFAULT, None)
        .ok()
        .map(PathBuf::from)
}

/// Query the default user profile path configured under `ProfileList` in HKLM.
fn query_default_profile_path_from_registry() -> Result<PathBuf> {
    let local_machine_root_key = RegKey::predef(HKEY_LOCAL_MACHINE);
    let profile_list_key = local_machine_root_key
        .open_subkey_with_flags(PROFILE_LIST_REGISTRY_PATH, KEY_READ)
        .context(t!("ERROR_OPEN_PROFILE_LIST_KEY_FAILED"))?;

    let default_profile_raw_string: String = profile_list_key
        .get_value(DEFAULT_PROFILE_VALUE_NAME)
        .context(t!("ERROR_READ_DEFAULT_PROFILE_VALUE_FAILED"))?;

    // Expand potential environment variables like %SystemDrive%
    let expanded_profile_path_string =
        ExpandEnvironmentStrings(&default_profile_raw_string).unwrap_or(default_profile_raw_string);

    Ok(PathBuf::from(expanded_profile_path_string))
}

// ---------------------------------------------------------------------------
// Extra Windows Classic Visual Appearance Scheme Payloads
// ---------------------------------------------------------------------------

const SCHEME_BRICK: &[u8] = &[
    0x02, 0x00, 0x00, 0x00, 0x03, 0x00, 0x00, 0x00, 0x01, 0x00, 0x00, 0x00, 0x0d, 0x00, 0x00, 0x00,
    0x0d, 0x00, 0x00, 0x00, 0x12, 0x00, 0x00, 0x00, 0x12, 0x00, 0x00, 0x00, 0xf4, 0xff, 0xff, 0xff,
    0x00, 0x00, 0x00, 0x00, 0x00, 0x00, 0x00, 0x00, 0x00, 0x00, 0x00, 0x00, 0xbc, 0x02, 0x00, 0x00,
    0x00, 0x00, 0x00, 0x00, 0x00, 0x00, 0x00, 0x00, 0x54, 0x00, 0x61, 0x00, 0x68, 0x00, 0x6f, 0x00,
    0x6d, 0x00, 0x61, 0x00, 0x00, 0x00, 0xf0, 0x77, 0x3f, 0x00, 0x3f, 0x00, 0x3f, 0x00, 0x3f, 0x00,
    0x00, 0x00, 0x00, 0x00, 0x00, 0x00, 0x00, 0x00, 0x00, 0x00, 0x00, 0x00, 0x00, 0x00, 0x78, 0x00,
    0x1c, 0x10, 0xfc, 0x7f, 0x22, 0x14, 0xfc, 0x7f, 0xb0, 0xfe, 0x12, 0x00, 0x00, 0x00, 0x00, 0x00,
    0x00, 0x00, 0x00, 0x00, 0x98, 0x23, 0xeb, 0x77, 0x0f, 0x00, 0x00, 0x00, 0x0f, 0x00, 0x00, 0x00,
    0xf5, 0xff, 0xff, 0xff, 0x00, 0x00, 0x00, 0x00, 0x00, 0x00, 0x00, 0x00, 0x00, 0x00, 0x00, 0x00,
    0x90, 0x01, 0x00, 0x00, 0x00, 0x00, 0x00, 0x00, 0x00, 0x00, 0x00, 0x00, 0x4d, 0x00, 0x69, 0x00,
    0x63, 0x00, 0x72, 0x00, 0x6f, 0x00, 0x73, 0x00, 0x6f, 0x00, 0x66, 0x00, 0x74, 0x00, 0x20, 0x00,
    0x53, 0x00, 0x61, 0x00, 0x6e, 0x00, 0x73, 0x00, 0x20, 0x00, 0x53, 0x00, 0x65, 0x00, 0x72, 0x00,
    0x69, 0x00, 0x66, 0x00, 0x00, 0x00, 0xf0, 0x77, 0x00, 0x20, 0x14, 0x00, 0x00, 0x00, 0x00, 0x10,
    0x80, 0x05, 0x14, 0x00, 0xf0, 0x1f, 0x14, 0x00, 0x00, 0x00, 0x14, 0x00, 0x12, 0x00, 0x00, 0x00,
    0x12, 0x00, 0x00, 0x00, 0xf5, 0xff, 0xff, 0xff, 0x00, 0x00, 0x00, 0x00, 0x00, 0x00, 0x00, 0x00,
    0x00, 0x00, 0x00, 0x00, 0x90, 0x01, 0x00, 0x00, 0x00, 0x00, 0x00, 0x00, 0x00, 0x00, 0x00, 0x00,
    0x4d, 0x00, 0x69, 0x00, 0x63, 0x00, 0x72, 0x00, 0x6f, 0x00, 0x73, 0x00, 0x6f, 0x00, 0x66, 0x00,
    0x74, 0x00, 0x20, 0x00, 0x53, 0x00, 0x61, 0x00, 0x6e, 0x00, 0x73, 0x00, 0x20, 0x00, 0x53, 0x00,
    0x65, 0x00, 0x72, 0x00, 0x69, 0x00, 0x66, 0x00, 0x00, 0x00, 0x14, 0x00, 0x88, 0xfb, 0xe8, 0x77,
    0x02, 0x02, 0x00, 0x00, 0xac, 0xb9, 0xf0, 0x77, 0x00, 0x00, 0x00, 0x00, 0x20, 0x00, 0x00, 0x00,
    0xf5, 0xff, 0xff, 0xff, 0x00, 0x00, 0x00, 0x00, 0x00, 0x00, 0x00, 0x00, 0x00, 0x00, 0x00, 0x00,
    0x90, 0x01, 0x00, 0x00, 0x00, 0x00, 0x00, 0x00, 0x00, 0x00, 0x00, 0x00, 0x4d, 0x00, 0x69, 0x00,
    0x63, 0x00, 0x72, 0x00, 0x6f, 0x00, 0x73, 0x00, 0x6f, 0x00, 0x66, 0x00, 0x74, 0x00, 0x20, 0x00,
    0x53, 0x00, 0x61, 0x00, 0x6e, 0x00, 0x73, 0x00, 0x20, 0x00, 0x53, 0x00, 0x65, 0x00, 0x72, 0x00,
    0x69, 0x00, 0x66, 0x00, 0x00, 0x00, 0x00, 0x00, 0x00, 0x00, 0x00, 0x00, 0x00, 0x00, 0x00, 0x00,
    0x00, 0x00, 0x00, 0x00, 0x7c, 0x6b, 0xe8, 0x77, 0x00, 0x00, 0x00, 0x00, 0xf5, 0xff, 0xff, 0xff,
    0x00, 0x00, 0x00, 0x00, 0x00, 0x00, 0x00, 0x00, 0x00, 0x00, 0x00, 0x00, 0x90, 0x01, 0x00, 0x00,
    0x00, 0x00, 0x00, 0x00, 0x00, 0x00, 0x00, 0x00, 0x4d, 0x00, 0x69, 0x00, 0x63, 0x00, 0x72, 0x00,
    0x6f, 0x00, 0x73, 0x00, 0x6f, 0x00, 0x66, 0x00, 0x74, 0x00, 0x20, 0x00, 0x53, 0x00, 0x61, 0x00,
    0x6e, 0x00, 0x73, 0x00, 0x20, 0x00, 0x53, 0x00, 0x65, 0x00, 0x72, 0x00, 0x69, 0x00, 0x66, 0x00,
    0x00, 0x00, 0x00, 0x00, 0x06, 0x00, 0x00, 0x00, 0x18, 0x00, 0x00, 0x00, 0xff, 0xff, 0xff, 0xff,
    0xf0, 0x4b, 0x21, 0xfc, 0x00, 0xc4, 0xf0, 0x77, 0xf5, 0xff, 0xff, 0xff, 0x00, 0x00, 0x00, 0x00,
    0x00, 0x00, 0x00, 0x00, 0x00, 0x00, 0x00, 0x00, 0x90, 0x01, 0x00, 0x00, 0x00, 0x00, 0x00, 0x00,
    0x00, 0x00, 0x00, 0x00, 0x4d, 0x00, 0x69, 0x00, 0x63, 0x00, 0x72, 0x00, 0x6f, 0x00, 0x73, 0x00,
    0x6f, 0x00, 0x66, 0x00, 0x74, 0x00, 0x20, 0x00, 0x53, 0x00, 0x61, 0x00, 0x6e, 0x00, 0x73, 0x00,
    0x20, 0x00, 0x53, 0x00, 0x65, 0x00, 0x72, 0x00, 0x69, 0x00, 0x66, 0x00, 0x00, 0x00, 0x14, 0x00,
    0x0b, 0x00, 0x00, 0x00, 0x00, 0xff, 0x12, 0x00, 0x50, 0x00, 0x00, 0x00, 0xc0, 0xfe, 0x12, 0x00,
    0x0c, 0x10, 0x00, 0x01, 0xe1, 0xe0, 0xd2, 0x02, 0x42, 0x00, 0x00, 0x00, 0x80, 0x00, 0x00, 0x00,
    0x8d, 0x89, 0x61, 0x00, 0xc2, 0xbf, 0xa5, 0x00, 0xff, 0xff, 0xff, 0x00, 0x00, 0x00, 0x00, 0x02,
    0x00, 0x00, 0x00, 0x00, 0x00, 0x00, 0x00, 0x00, 0xe1, 0xe0, 0xd2, 0x00, 0xc2, 0xbf, 0xa5, 0x00,
    0xc2, 0xbf, 0xa5, 0x00, 0xe1, 0xe0, 0xd2, 0x00, 0x8d, 0x89, 0x61, 0x00, 0xff, 0xff, 0xff, 0x00,
    0xc2, 0xbf, 0xa5, 0x00, 0x8d, 0x89, 0x61, 0x02, 0x8d, 0x89, 0x61, 0x02, 0x00, 0x00, 0x00, 0x00,
    0xe1, 0xe0, 0xd2, 0x00, 0xe1, 0xe0, 0xd2, 0x02, 0x00, 0x00, 0x00, 0x02, 0xc2, 0xbf, 0xa5, 0x02,
    0x80, 0x00, 0x00, 0x00, 0xe1, 0xe0, 0xd2, 0x00, 0xc0, 0xc0, 0xc0, 0x00, 0x80, 0x00, 0x00, 0x02,
    0xb0, 0x74, 0x40, 0x00, 0xc8, 0xb8, 0x70, 0x00,
];
const SCHEME_DESERT: &[u8] = &[
    0x02, 0x00, 0x00, 0x00, 0x03, 0x00, 0x00, 0x00, 0x01, 0x00, 0x00, 0x00, 0x0d, 0x00, 0x00, 0x00,
    0x0d, 0x00, 0x00, 0x00, 0x12, 0x00, 0x00, 0x00, 0x12, 0x00, 0x00, 0x00, 0xf5, 0xff, 0xff, 0xff,
    0x00, 0x00, 0x00, 0x00, 0x00, 0x00, 0x00, 0x00, 0x00, 0x00, 0x00, 0x00, 0xbc, 0x02, 0x00, 0x00,
    0x00, 0x00, 0x00, 0x00, 0x00, 0x00, 0x00, 0x00, 0x4d, 0x00, 0x69, 0x00, 0x63, 0x00, 0x72, 0x00,
    0x6f, 0x00, 0x73, 0x00, 0x6f, 0x00, 0x66, 0x00, 0x74, 0x00, 0x20, 0x00, 0x53, 0x00, 0x61, 0x00,
    0x6e, 0x00, 0x73, 0x00, 0x20, 0x00, 0x53, 0x00, 0x65, 0x00, 0x72, 0x00, 0x69, 0x00, 0x66, 0x00,
    0x00, 0x00, 0xfc, 0x7f, 0x22, 0x14, 0xfc, 0x7f, 0xb0, 0xfe, 0x12, 0x00, 0x00, 0x00, 0x00, 0x00,
    0x00, 0x00, 0x00, 0x00, 0x98, 0x23, 0xeb, 0x77, 0x0f, 0x00, 0x00, 0x00, 0x0f, 0x00, 0x00, 0x00,
    0xf5, 0xff, 0xff, 0xff, 0x00, 0x00, 0x00, 0x00, 0x00, 0x00, 0x00, 0x00, 0x00, 0x00, 0x00, 0x00,
    0x90, 0x01, 0x00, 0x00, 0x00, 0x00, 0x00, 0x00, 0x00, 0x00, 0x00, 0x00, 0x4d, 0x00, 0x69, 0x00,
    0x63, 0x00, 0x72, 0x00, 0x6f, 0x00, 0x73, 0x00, 0x6f, 0x00, 0x66, 0x00, 0x74, 0x00, 0x20, 0x00,
    0x53, 0x00, 0x61, 0x00, 0x6e, 0x00, 0x73, 0x00, 0x20, 0x00, 0x53, 0x00, 0x65, 0x00, 0x72, 0x00,
    0x69, 0x00, 0x66, 0x00, 0x00, 0x00, 0xf0, 0x77, 0x00, 0x20, 0x14, 0x00, 0x00, 0x00, 0x00, 0x10,
    0x80, 0x05, 0x14, 0x00, 0xf0, 0x1f, 0x14, 0x00, 0x00, 0x00, 0x14, 0x00, 0x12, 0x00, 0x00, 0x00,
    0x12, 0x00, 0x00, 0x00, 0xf5, 0xff, 0xff, 0xff, 0x00, 0x00, 0x00, 0x00, 0x00, 0x00, 0x00, 0x00,
    0x00, 0x00, 0x00, 0x00, 0x90, 0x01, 0x00, 0x00, 0x00, 0x00, 0x00, 0x00, 0x00, 0x00, 0x00, 0x00,
    0x4d, 0x00, 0x69, 0x00, 0x63, 0x00, 0x72, 0x00, 0x6f, 0x00, 0x73, 0x00, 0x6f, 0x00, 0x66, 0x00,
    0x74, 0x00, 0x20, 0x00, 0x53, 0x00, 0x61, 0x00, 0x6e, 0x00, 0x73, 0x00, 0x20, 0x00, 0x53, 0x00,
    0x65, 0x00, 0x72, 0x00, 0x69, 0x00, 0x66, 0x00, 0x00, 0x00, 0x14, 0x00, 0x88, 0xfb, 0xe8, 0x77,
    0x02, 0x02, 0x00, 0x00, 0xac, 0xb9, 0xf0, 0x77, 0x00, 0x00, 0x00, 0x00, 0x20, 0x00, 0x00, 0x00,
    0xf5, 0xff, 0xff, 0xff, 0x00, 0x00, 0x00, 0x00, 0x00, 0x00, 0x00, 0x00, 0x00, 0x00, 0x00, 0x00,
    0xbc, 0x02, 0x00, 0x00, 0x00, 0x00, 0x00, 0x00, 0x00, 0x00, 0x00, 0x00, 0x4d, 0x00, 0x69, 0x00,
    0x63, 0x00, 0x72, 0x00, 0x6f, 0x00, 0x73, 0x00, 0x6f, 0x00, 0x66, 0x00, 0x74, 0x00, 0x20, 0x00,
    0x53, 0x00, 0x61, 0x00, 0x6e, 0x00, 0x73, 0x00, 0x20, 0x00, 0x53, 0x00, 0x65, 0x00, 0x72, 0x00,
    0x69, 0x00, 0x66, 0x00, 0x00, 0x00, 0x00, 0x00, 0x00, 0x00, 0x00, 0x00, 0x00, 0x00, 0x00, 0x00,
    0x00, 0x00, 0x00, 0x00, 0x7c, 0x6b, 0xe8, 0x77, 0x00, 0x00, 0x00, 0x00, 0xf5, 0xff, 0xff, 0xff,
    0x00, 0x00, 0x00, 0x00, 0x00, 0x00, 0x00, 0x00, 0x00, 0x00, 0x00, 0x00, 0x90, 0x01, 0x00, 0x00,
    0x00, 0x00, 0x00, 0x00, 0x00, 0x00, 0x00, 0x00, 0x4d, 0x00, 0x69, 0x00, 0x63, 0x00, 0x72, 0x00,
    0x6f, 0x00, 0x73, 0x00, 0x6f, 0x00, 0x66, 0x00, 0x74, 0x00, 0x20, 0x00, 0x53, 0x00, 0x61, 0x00,
    0x6e, 0x00, 0x73, 0x00, 0x20, 0x00, 0x53, 0x00, 0x65, 0x00, 0x72, 0x00, 0x69, 0x00, 0x66, 0x00,
    0x00, 0x00, 0x00, 0x00, 0x06, 0x00, 0x00, 0x00, 0x18, 0x00, 0x00, 0x00, 0xff, 0xff, 0xff, 0xff,
    0xf0, 0x4b, 0x21, 0xfc, 0x00, 0xc4, 0xf0, 0x77, 0xf5, 0xff, 0xff, 0xff, 0x00, 0x00, 0x00, 0x00,
    0x00, 0x00, 0x00, 0x00, 0x00, 0x00, 0x00, 0x00, 0x90, 0x01, 0x00, 0x00, 0x00, 0x00, 0x00, 0x00,
    0x00, 0x00, 0x00, 0x00, 0x4d, 0x00, 0x69, 0x00, 0x63, 0x00, 0x72, 0x00, 0x6f, 0x00, 0x73, 0x00,
    0x6f, 0x00, 0x66, 0x00, 0x74, 0x00, 0x20, 0x00, 0x53, 0x00, 0x61, 0x00, 0x6e, 0x00, 0x73, 0x00,
    0x20, 0x00, 0x53, 0x00, 0x65, 0x00, 0x72, 0x00, 0x69, 0x00, 0x66, 0x00, 0x00, 0x00, 0x14, 0x00,
    0x0b, 0x00, 0x00, 0x00, 0x00, 0xff, 0x12, 0x00, 0x50, 0x00, 0x00, 0x00, 0xc0, 0xfe, 0x12, 0x00,
    0x0c, 0x10, 0x00, 0x01, 0xea, 0xe6, 0xdd, 0x02, 0xa2, 0x8d, 0x68, 0x02, 0x00, 0x80, 0x80, 0x00,
    0xa2, 0x8d, 0x68, 0x00, 0xd5, 0xcc, 0xbb, 0x00, 0xff, 0xff, 0xff, 0x02, 0x00, 0x00, 0x00, 0x02,
    0x00, 0x00, 0x00, 0x00, 0x00, 0x00, 0x00, 0x00, 0xff, 0xff, 0xff, 0x00, 0xd5, 0xcc, 0xbb, 0x02,
    0xd5, 0xcc, 0xbb, 0x02, 0xa2, 0x8d, 0x68, 0x02, 0x00, 0x80, 0x80, 0x00, 0xff, 0xff, 0xff, 0x00,
    0xd5, 0xcc, 0xbb, 0x02, 0xa2, 0x8d, 0x68, 0x02, 0xa2, 0x8d, 0x68, 0x02, 0x00, 0x00, 0x00, 0x02,
    0xff, 0xff, 0xff, 0x00, 0xea, 0xe6, 0xdd, 0x02, 0x00, 0x00, 0x00, 0x02, 0xd5, 0xcc, 0xbb, 0x02,
    0x00, 0x00, 0x00, 0x00, 0xff, 0xff, 0xff, 0x00, 0xc0, 0xc0, 0xc0, 0x00, 0x00, 0x80, 0x80, 0x02,
    0x84, 0xbd, 0xaa, 0x00, 0xe8, 0xd0, 0x80, 0x00,
];
const SCHEME_EGGPLANT: &[u8] = &[
    0x02, 0x00, 0x00, 0x00, 0x03, 0x00, 0x00, 0x00, 0x01, 0x00, 0x00, 0x00, 0x10, 0x00, 0x00, 0x00,
    0x10, 0x00, 0x00, 0x00, 0x13, 0x00, 0x00, 0x00, 0x13, 0x00, 0x00, 0x00, 0xf1, 0xff, 0xff, 0xff,
    0x00, 0x00, 0x00, 0x00, 0x00, 0x00, 0x00, 0x00, 0x00, 0x00, 0x00, 0x00, 0xbc, 0x02, 0x00, 0x00,
    0x00, 0x00, 0x00, 0x00, 0x00, 0x00, 0x00, 0x00, 0x54, 0x00, 0x69, 0x00, 0x6d, 0x00, 0x65, 0x00,
    0x73, 0x00, 0x20, 0x00, 0x4e, 0x00, 0x65, 0x00, 0x77, 0x00, 0x20, 0x00, 0x52, 0x00, 0x6f, 0x00,
    0x6d, 0x00, 0x61, 0x00, 0x6e, 0x00, 0x00, 0x00, 0x00, 0x00, 0x00, 0x00, 0x00, 0x00, 0x78, 0x00,
    0x1c, 0x10, 0xfc, 0x7f, 0x22, 0x14, 0xfc, 0x7f, 0xb0, 0xfe, 0x12, 0x00, 0x00, 0x00, 0x00, 0x00,
    0x00, 0x00, 0x00, 0x00, 0x98, 0x23, 0xeb, 0x77, 0x11, 0x00, 0x00, 0x00, 0x11, 0x00, 0x00, 0x00,
    0xf3, 0xff, 0xff, 0xff, 0x00, 0x00, 0x00, 0x00, 0x00, 0x00, 0x00, 0x00, 0x00, 0x00, 0x00, 0x00,
    0xbc, 0x02, 0x00, 0x00, 0x00, 0x00, 0x00, 0x00, 0x00, 0x00, 0x00, 0x00, 0x54, 0x00, 0x69, 0x00,
    0x6d, 0x00, 0x65, 0x00, 0x73, 0x00, 0x20, 0x00, 0x4e, 0x00, 0x65, 0x00, 0x77, 0x00, 0x20, 0x00,
    0x52, 0x00, 0x6f, 0x00, 0x6d, 0x00, 0x61, 0x00, 0x6e, 0x00, 0x00, 0x00, 0x00, 0x00, 0x00, 0x00,
    0x00, 0x20, 0x14, 0x00, 0xac, 0xb9, 0xf0, 0x77, 0x00, 0x20, 0x14, 0x00, 0x00, 0x00, 0x00, 0x10,
    0x80, 0x05, 0x14, 0x00, 0xf0, 0x1f, 0x14, 0x00, 0x00, 0x00, 0x14, 0x00, 0x12, 0x00, 0x00, 0x00,
    0x12, 0x00, 0x00, 0x00, 0xf3, 0xff, 0xff, 0xff, 0x00, 0x00, 0x00, 0x00, 0x00, 0x00, 0x00, 0x00,
    0x00, 0x00, 0x00, 0x00, 0x90, 0x01, 0x00, 0x00, 0x00, 0x00, 0x00, 0x00, 0x00, 0x00, 0x00, 0x00,
    0x54, 0x00, 0x69, 0x00, 0x6d, 0x00, 0x65, 0x00, 0x73, 0x00, 0x20, 0x00, 0x4e, 0x00, 0x65, 0x00,
    0x77, 0x00, 0x20, 0x00, 0x52, 0x00, 0x6f, 0x00, 0x6d, 0x00, 0x61, 0x00, 0x6e, 0x00, 0x00, 0x00,
    0x00, 0x00, 0x00, 0x00, 0x00, 0x00, 0x00, 0x00, 0x80, 0x05, 0x14, 0x00, 0x88, 0xfb, 0xe8, 0x77,
    0x02, 0x02, 0x00, 0x00, 0xac, 0xb9, 0xf0, 0x77, 0x00, 0x00, 0x00, 0x00, 0x20, 0x00, 0x00, 0x00,
    0xf3, 0xff, 0xff, 0xff, 0x00, 0x00, 0x00, 0x00, 0x00, 0x00, 0x00, 0x00, 0x00, 0x00, 0x00, 0x00,
    0x90, 0x01, 0x00, 0x00, 0x00, 0x00, 0x00, 0x00, 0x00, 0x00, 0x00, 0x00, 0x54, 0x00, 0x69, 0x00,
    0x6d, 0x00, 0x65, 0x00, 0x73, 0x00, 0x20, 0x00, 0x4e, 0x00, 0x65, 0x00, 0x77, 0x00, 0x20, 0x00,
    0x52, 0x00, 0x6f, 0x00, 0x6d, 0x00, 0x61, 0x00, 0x6e, 0x00, 0x00, 0x00, 0xb4, 0xc0, 0xf0, 0x77,
    0x00, 0x00, 0x00, 0x00, 0x00, 0x00, 0x00, 0x00, 0x00, 0x00, 0x00, 0x00, 0x00, 0x00, 0x00, 0x00,
    0x00, 0x00, 0x00, 0x00, 0x7c, 0x6b, 0xe8, 0x77, 0x00, 0x00, 0x00, 0x00, 0xf3, 0xff, 0xff, 0xff,
    0x00, 0x00, 0x00, 0x00, 0x00, 0x00, 0x00, 0x00, 0x00, 0x00, 0x00, 0x00, 0x90, 0x01, 0x00, 0x00,
    0x00, 0x00, 0x00, 0x00, 0x00, 0x00, 0x00, 0x00, 0x54, 0x00, 0x69, 0x00, 0x6d, 0x00, 0x65, 0x00,
    0x73, 0x00, 0x20, 0x00, 0x4e, 0x00, 0x65, 0x00, 0x77, 0x00, 0x20, 0x00, 0x52, 0x00, 0x6f, 0x00,
    0x6d, 0x00, 0x61, 0x00, 0x6e, 0x00, 0x00, 0x00, 0xc8, 0x0b, 0x00, 0x00, 0x00, 0x00, 0x00, 0x00,
    0x08, 0x00, 0x00, 0x00, 0x06, 0x00, 0x00, 0x00, 0x18, 0x00, 0x00, 0x00, 0xff, 0xff, 0xff, 0xff,
    0xf0, 0x4b, 0x21, 0xfc, 0x00, 0xc4, 0xf0, 0x77, 0xf5, 0xff, 0xff, 0xff, 0x00, 0x00, 0x00, 0x00,
    0x00, 0x00, 0x00, 0x00, 0x00, 0x00, 0x00, 0x00, 0x90, 0x01, 0x00, 0x00, 0x00, 0x00, 0x00, 0x00,
    0x00, 0x00, 0x00, 0x00, 0x4d, 0x00, 0x69, 0x00, 0x63, 0x00, 0x72, 0x00, 0x6f, 0x00, 0x73, 0x00,
    0x6f, 0x00, 0x66, 0x00, 0x74, 0x00, 0x20, 0x00, 0x53, 0x00, 0x61, 0x00, 0x6e, 0x00, 0x73, 0x00,
    0x20, 0x00, 0x53, 0x00, 0x65, 0x00, 0x72, 0x00, 0x69, 0x00, 0x66, 0x00, 0x00, 0x00, 0x14, 0x00,
    0x0b, 0x00, 0x00, 0x00, 0x00, 0xff, 0x12, 0x00, 0x50, 0x00, 0x00, 0x00, 0xc0, 0xfe, 0x12, 0x00,
    0x0c, 0x10, 0x00, 0x01, 0x90, 0xb0, 0xa8, 0x02, 0x40, 0x00, 0x40, 0x00, 0x58, 0x80, 0x78, 0x00,
    0x90, 0xb0, 0xa8, 0x00, 0x90, 0xb0, 0xa8, 0x00, 0xff, 0xff, 0xff, 0x02, 0x00, 0x00, 0x00, 0x02,
    0x00, 0x00, 0x00, 0x00, 0x00, 0x00, 0x00, 0x00, 0xff, 0xff, 0xff, 0x00, 0x90, 0xb0, 0xa8, 0x02,
    0x90, 0xb0, 0xa8, 0x02, 0x80, 0x80, 0x80, 0x02, 0x58, 0x80, 0x78, 0x00, 0xff, 0xff, 0xff, 0x00,
    0x90, 0xb0, 0xa8, 0x02, 0x58, 0x80, 0x78, 0x02, 0x58, 0x80, 0x78, 0x02, 0x00, 0x00, 0x00, 0x02,
    0x58, 0x80, 0x78, 0x00, 0xc8, 0xd8, 0xd8, 0x02, 0x00, 0x00, 0x00, 0x02, 0x90, 0xb0, 0xa8, 0x02,
    0x80, 0x00, 0x80, 0x00, 0xff, 0xff, 0xff, 0x00, 0xc0, 0xc0, 0xc0, 0x00, 0x58, 0x80, 0x78, 0x02,
    0x83, 0x4b, 0x83, 0x00, 0xcb, 0xbd, 0xd2, 0x00,
];
const SCHEME_HIGH_CONTRAST_1: &[u8] = &[
    0x02, 0x00, 0x00, 0x00, 0x46, 0x00, 0x00, 0x00, 0x01, 0x00, 0x00, 0x00, 0x11, 0x00, 0x00, 0x00,
    0x11, 0x00, 0x00, 0x00, 0x14, 0x00, 0x00, 0x00, 0x14, 0x00, 0x00, 0x00, 0xf5, 0xff, 0xff, 0xff,
    0x00, 0x00, 0x00, 0x00, 0x00, 0x00, 0x00, 0x00, 0x00, 0x00, 0x00, 0x00, 0xbc, 0x02, 0x00, 0x00,
    0x00, 0x00, 0x00, 0x00, 0x00, 0x00, 0x00, 0x00, 0x4d, 0x00, 0x69, 0x00, 0x63, 0x00, 0x72, 0x00,
    0x6f, 0x00, 0x73, 0x00, 0x6f, 0x00, 0x66, 0x00, 0x74, 0x00, 0x20, 0x00, 0x53, 0x00, 0x61, 0x00,
    0x6e, 0x00, 0x73, 0x00, 0x20, 0x00, 0x53, 0x00, 0x65, 0x00, 0x72, 0x00, 0x69, 0x00, 0x66, 0x00,
    0x00, 0x00, 0xfc, 0x7f, 0x22, 0x14, 0xfc, 0x7f, 0xb0, 0xfe, 0x12, 0x00, 0x00, 0x00, 0x00, 0x00,
    0x00, 0x00, 0x00, 0x00, 0x98, 0x23, 0xeb, 0x77, 0x0f, 0x00, 0x00, 0x00, 0x0f, 0x00, 0x00, 0x00,
    0xf5, 0xff, 0xff, 0xff, 0x00, 0x00, 0x00, 0x00, 0x00, 0x00, 0x00, 0x00, 0x00, 0x00, 0x00, 0x00,
    0xbc, 0x02, 0x00, 0x00, 0x00, 0x00, 0x00, 0x00, 0x00, 0x00, 0x00, 0x00, 0x4d, 0x00, 0x69, 0x00,
    0x63, 0x00, 0x72, 0x00, 0x6f, 0x00, 0x73, 0x00, 0x6f, 0x00, 0x66, 0x00, 0x74, 0x00, 0x20, 0x00,
    0x53, 0x00, 0x61, 0x00, 0x6e, 0x00, 0x73, 0x00, 0x20, 0x00, 0x53, 0x00, 0x65, 0x00, 0x72, 0x00,
    0x69, 0x00, 0x66, 0x00, 0x00, 0x00, 0xf0, 0x77, 0x00, 0x20, 0x14, 0x00, 0x00, 0x00, 0x00, 0x10,
    0x80, 0x05, 0x14, 0x00, 0xf0, 0x1f, 0x14, 0x00, 0x00, 0x00, 0x14, 0x00, 0x12, 0x00, 0x00, 0x00,
    0x12, 0x00, 0x00, 0x00, 0xf5, 0xff, 0xff, 0xff, 0x00, 0x00, 0x00, 0x00, 0x00, 0x00, 0x00, 0x00,
    0x00, 0x00, 0x00, 0x00, 0x90, 0x01, 0x00, 0x00, 0x00, 0x00, 0x00, 0x00, 0x00, 0x00, 0x00, 0x00,
    0x4d, 0x00, 0x69, 0x00, 0x63, 0x00, 0x72, 0x00, 0x6f, 0x00, 0x73, 0x00, 0x6f, 0x00, 0x66, 0x00,
    0x74, 0x00, 0x20, 0x00, 0x53, 0x00, 0x61, 0x00, 0x6e, 0x00, 0x73, 0x00, 0x20, 0x00, 0x53, 0x00,
    0x65, 0x00, 0x72, 0x00, 0x69, 0x00, 0x66, 0x00, 0x00, 0x00, 0x14, 0x00, 0x88, 0xfb, 0xe8, 0x77,
    0x02, 0x02, 0x00, 0x00, 0xac, 0xb9, 0xf0, 0x77, 0x00, 0x00, 0x00, 0x00, 0x20, 0x00, 0x00, 0x00,
    0xf5, 0xff, 0xff, 0xff, 0x00, 0x00, 0x00, 0x00, 0x00, 0x00, 0x00, 0x00, 0x00, 0x00, 0x00, 0x00,
    0x90, 0x01, 0x00, 0x00, 0x00, 0x00, 0x00, 0x00, 0x00, 0x00, 0x00, 0x00, 0x4d, 0x00, 0x69, 0x00,
    0x63, 0x00, 0x72, 0x00, 0x6f, 0x00, 0x73, 0x00, 0x6f, 0x00, 0x66, 0x00, 0x74, 0x00, 0x20, 0x00,
    0x53, 0x00, 0x61, 0x00, 0x6e, 0x00, 0x73, 0x00, 0x20, 0x00, 0x53, 0x00, 0x65, 0x00, 0x72, 0x00,
    0x69, 0x00, 0x66, 0x00, 0x00, 0x00, 0x00, 0x00, 0x00, 0x00, 0x00, 0x00, 0x00, 0x00, 0x00, 0x00,
    0x00, 0x00, 0x00, 0x00, 0x7c, 0x6b, 0xe8, 0x77, 0x00, 0x00, 0x00, 0x00, 0xf5, 0xff, 0xff, 0xff,
    0x00, 0x00, 0x00, 0x00, 0x00, 0x00, 0x00, 0x00, 0x00, 0x00, 0x00, 0x00, 0x90, 0x01, 0x00, 0x00,
    0x00, 0x00, 0x00, 0x00, 0x00, 0x00, 0x00, 0x00, 0x4d, 0x00, 0x69, 0x00, 0x63, 0x00, 0x72, 0x00,
    0x6f, 0x00, 0x73, 0x00, 0x6f, 0x00, 0x66, 0x00, 0x74, 0x00, 0x20, 0x00, 0x53, 0x00, 0x61, 0x00,
    0x6e, 0x00, 0x73, 0x00, 0x20, 0x00, 0x53, 0x00, 0x65, 0x00, 0x72, 0x00, 0x69, 0x00, 0x66, 0x00,
    0x00, 0x00, 0x00, 0x00, 0x06, 0x00, 0x00, 0x00, 0x18, 0x00, 0x00, 0x00, 0xff, 0xff, 0xff, 0xff,
    0xf0, 0x4b, 0x21, 0xfc, 0x00, 0xc4, 0xf0, 0x77, 0xf5, 0xff, 0xff, 0xff, 0x00, 0x00, 0x00, 0x00,
    0x00, 0x00, 0x00, 0x00, 0x00, 0x00, 0x00, 0x00, 0xbc, 0x02, 0x00, 0x00, 0x00, 0x00, 0x00, 0x00,
    0x00, 0x00, 0x00, 0x00, 0x4d, 0x00, 0x69, 0x00, 0x63, 0x00, 0x72, 0x00, 0x6f, 0x00, 0x73, 0x00,
    0x6f, 0x00, 0x66, 0x00, 0x74, 0x00, 0x20, 0x00, 0x53, 0x00, 0x61, 0x00, 0x6e, 0x00, 0x73, 0x00,
    0x20, 0x00, 0x53, 0x00, 0x65, 0x00, 0x72, 0x00, 0x69, 0x00, 0x66, 0x00, 0x00, 0x00, 0x14, 0x00,
    0x0b, 0x00, 0x00, 0x00, 0x00, 0xff, 0x12, 0x00, 0x50, 0x00, 0x00, 0x00, 0xc0, 0xfe, 0x12, 0x00,
    0x0c, 0x10, 0x00, 0x01, 0x00, 0x00, 0x00, 0x02, 0x00, 0x00, 0x00, 0x02, 0x00, 0x00, 0xff, 0x00,
    0x00, 0xff, 0xff, 0x00, 0x00, 0x00, 0x00, 0x00, 0x00, 0x00, 0x00, 0x02, 0xff, 0xff, 0xff, 0x02,
    0xff, 0xff, 0xff, 0x00, 0xff, 0xff, 0x00, 0x00, 0xff, 0xff, 0xff, 0x00, 0x00, 0x00, 0xff, 0x00,
    0x00, 0xff, 0xff, 0x00, 0x00, 0x00, 0x00, 0x02, 0x00, 0x80, 0x00, 0x00, 0xff, 0xff, 0xff, 0x00,
    0x00, 0x00, 0x00, 0x02, 0x80, 0x80, 0x80, 0x02, 0x00, 0xff, 0x00, 0x02, 0xff, 0xff, 0xff, 0x02,
    0x00, 0x00, 0x00, 0x00, 0xc0, 0xc0, 0xc0, 0x02, 0xff, 0xff, 0xff, 0x02, 0xff, 0xff, 0xff, 0x02,
    0xff, 0xff, 0x00, 0x00, 0x00, 0x00, 0x00, 0x00, 0xc0, 0xc0, 0xc0, 0x00, 0x80, 0x00, 0x80, 0x02,
    0x00, 0x00, 0xff, 0x00, 0x00, 0xff, 0xff, 0x00,
];
const SCHEME_HIGH_CONTRAST_1_EXTRA_LARGE: &[u8] = &[
    0x02, 0x00, 0x00, 0x00, 0x46, 0x00, 0x00, 0x00, 0x06, 0x00, 0x00, 0x00, 0x20, 0x00, 0x00, 0x00,
    0x20, 0x00, 0x00, 0x00, 0x26, 0x00, 0x00, 0x00, 0x26, 0x00, 0x00, 0x00, 0xe1, 0xff, 0xff, 0xff,
    0x00, 0x00, 0x00, 0x00, 0x00, 0x00, 0x00, 0x00, 0x00, 0x00, 0x00, 0x00, 0xbc, 0x02, 0x00, 0x00,
    0x00, 0x00, 0x00, 0x00, 0x00, 0x00, 0x00, 0x00, 0x54, 0x00, 0x61, 0x00, 0x68, 0x00, 0x6f, 0x00,
    0x6d, 0x00, 0x61, 0x00, 0x00, 0x00, 0x20, 0x00, 0x53, 0x00, 0x65, 0x00, 0x72, 0x00, 0x69, 0x00,
    0x66, 0x00, 0x00, 0x00, 0x6e, 0x00, 0x00, 0x00, 0x00, 0x00, 0x00, 0x00, 0x00, 0x00, 0x78, 0x00,
    0x1c, 0x10, 0xfc, 0x7f, 0x22, 0x14, 0xfc, 0x7f, 0xb0, 0xfe, 0x12, 0x00, 0x00, 0x00, 0x00, 0x00,
    0x00, 0x00, 0x00, 0x00, 0x98, 0x23, 0xeb, 0x77, 0x1d, 0x00, 0x00, 0x00, 0x1d, 0x00, 0x00, 0x00,
    0xe9, 0xff, 0xff, 0xff, 0x00, 0x00, 0x00, 0x00, 0x00, 0x00, 0x00, 0x00, 0x00, 0x00, 0x00, 0x00,
    0xbc, 0x02, 0x00, 0x00, 0x00, 0x00, 0x00, 0x00, 0x00, 0x00, 0x00, 0x00, 0x54, 0x00, 0x61, 0x00,
    0x68, 0x00, 0x6f, 0x00, 0x6d, 0x00, 0x61, 0x00, 0x00, 0x00, 0x6c, 0x00, 0x61, 0x00, 0x63, 0x00,
    0x6b, 0x00, 0x00, 0x00, 0x66, 0x00, 0x00, 0x00, 0x6e, 0x00, 0x00, 0x00, 0x00, 0x00, 0x00, 0x00,
    0x00, 0x20, 0x14, 0x00, 0xac, 0xb9, 0xf0, 0x77, 0x00, 0x20, 0x14, 0x00, 0x00, 0x00, 0x00, 0x10,
    0x80, 0x05, 0x14, 0x00, 0xf0, 0x1f, 0x14, 0x00, 0x00, 0x00, 0x14, 0x00, 0x26, 0x00, 0x00, 0x00,
    0x26, 0x00, 0x00, 0x00, 0xe1, 0xff, 0xff, 0xff, 0x00, 0x00, 0x00, 0x00, 0x00, 0x00, 0x00, 0x00,
    0x00, 0x00, 0x00, 0x00, 0x90, 0x01, 0x00, 0x00, 0x00, 0x00, 0x00, 0x00, 0x00, 0x00, 0x00, 0x00,
    0x54, 0x00, 0x61, 0x00, 0x68, 0x00, 0x6f, 0x00, 0x6d, 0x00, 0x61, 0x00, 0x00, 0x00, 0x20, 0x00,
    0x53, 0x00, 0x65, 0x00, 0x72, 0x00, 0x69, 0x00, 0x66, 0x00, 0x00, 0x00, 0x6e, 0x00, 0x00, 0x00,
    0x00, 0x00, 0x00, 0x00, 0x00, 0x00, 0x00, 0x00, 0x80, 0x05, 0x14, 0x00, 0x88, 0xfb, 0xe8, 0x77,
    0x02, 0x02, 0x00, 0x00, 0xac, 0xb9, 0xf0, 0x77, 0x00, 0x00, 0x00, 0x00, 0x20, 0x00, 0x00, 0x00,
    0xe9, 0xff, 0xff, 0xff, 0x00, 0x00, 0x00, 0x00, 0x00, 0x00, 0x00, 0x00, 0x00, 0x00, 0x00, 0x00,
    0x90, 0x01, 0x00, 0x00, 0x00, 0x00, 0x00, 0x00, 0x00, 0x00, 0x00, 0x00, 0x54, 0x00, 0x61, 0x00,
    0x68, 0x00, 0x6f, 0x00, 0x6d, 0x00, 0x61, 0x00, 0x00, 0x00, 0x20, 0x00, 0x53, 0x00, 0x65, 0x00,
    0x72, 0x00, 0x69, 0x00, 0x66, 0x00, 0x00, 0x00, 0x6e, 0x00, 0x00, 0x00, 0xb4, 0xc0, 0xf0, 0x77,
    0x00, 0x00, 0x00, 0x00, 0x00, 0x00, 0x00, 0x00, 0x00, 0x00, 0x00, 0x00, 0x00, 0x00, 0x00, 0x00,
    0x00, 0x00, 0x00, 0x00, 0x7c, 0x6b, 0xe8, 0x77, 0x00, 0x00, 0x00, 0x00, 0xe1, 0xff, 0xff, 0xff,
    0x00, 0x00, 0x00, 0x00, 0x00, 0x00, 0x00, 0x00, 0x00, 0x00, 0x00, 0x00, 0x90, 0x01, 0x00, 0x00,
    0x00, 0x00, 0x00, 0x00, 0x00, 0x00, 0x00, 0x00, 0x54, 0x00, 0x61, 0x00, 0x68, 0x00, 0x6f, 0x00,
    0x6d, 0x00, 0x61, 0x00, 0x00, 0x00, 0x20, 0x00, 0x53, 0x00, 0x65, 0x00, 0x72, 0x00, 0x69, 0x00,
    0x66, 0x00, 0x00, 0x00, 0x6e, 0x00, 0x00, 0x00, 0xc8, 0x0b, 0x00, 0x00, 0x00, 0x00, 0x00, 0x00,
    0x08, 0x00, 0x00, 0x00, 0x06, 0x00, 0x00, 0x00, 0x18, 0x00, 0x00, 0x00, 0xff, 0xff, 0xff, 0xff,
    0xf0, 0x4b, 0x21, 0xfc, 0x00, 0xc4, 0xf0, 0x77, 0xe9, 0xff, 0xff, 0xff, 0x00, 0x00, 0x00, 0x00,
    0x00, 0x00, 0x00, 0x00, 0x00, 0x00, 0x00, 0x00, 0x90, 0x01, 0x00, 0x00, 0x00, 0x00, 0x00, 0x00,
    0x00, 0x00, 0x00, 0x00, 0x54, 0x00, 0x61, 0x00, 0x68, 0x00, 0x6f, 0x00, 0x6d, 0x00, 0x61, 0x00,
    0x00, 0x00, 0x20, 0x00, 0x53, 0x00, 0x65, 0x00, 0x72, 0x00, 0x69, 0x00, 0x66, 0x00, 0x00, 0x00,
    0x00, 0x00, 0x00, 0x00, 0x00, 0x00, 0x00, 0x00, 0x00, 0x00, 0x00, 0x00, 0xc0, 0x1d, 0x14, 0x00,
    0x0b, 0x00, 0x00, 0x00, 0x00, 0xff, 0x12, 0x00, 0x50, 0x00, 0x00, 0x00, 0xc0, 0xfe, 0x12, 0x00,
    0x0c, 0x10, 0x00, 0x01, 0x00, 0x00, 0x00, 0x02, 0x00, 0x00, 0x00, 0x02, 0x00, 0x00, 0xff, 0x00,
    0x00, 0xff, 0xff, 0x00, 0x00, 0x00, 0x00, 0x00, 0x00, 0x00, 0x00, 0x02, 0xff, 0xff, 0xff, 0x02,
    0xff, 0xff, 0xff, 0x00, 0xff, 0xff, 0x00, 0x00, 0xff, 0xff, 0xff, 0x00, 0x00, 0x00, 0xff, 0x00,
    0x00, 0xff, 0xff, 0x00, 0x00, 0x00, 0x00, 0x02, 0x00, 0x80, 0x00, 0x00, 0xff, 0xff, 0xff, 0x00,
    0x00, 0x00, 0x00, 0x02, 0x80, 0x80, 0x80, 0x02, 0x00, 0xff, 0x00, 0x02, 0xff, 0xff, 0xff, 0x02,
    0x00, 0x00, 0x00, 0x00, 0xc0, 0xc0, 0xc0, 0x02, 0xff, 0xff, 0xff, 0x02, 0xff, 0xff, 0xff, 0x02,
    0xff, 0xff, 0x00, 0x00, 0x00, 0x00, 0x00, 0x00, 0xc0, 0xc0, 0xc0, 0x00, 0x80, 0x00, 0x80, 0x02,
    0x00, 0x00, 0xff, 0x00, 0x00, 0xff, 0xff, 0x00,
];
const SCHEME_HIGH_CONTRAST_1_LARGE: &[u8] = &[
    0x02, 0x00, 0x00, 0x00, 0x46, 0x00, 0x00, 0x00, 0x06, 0x00, 0x00, 0x00, 0x1c, 0x00, 0x00, 0x00,
    0x1c, 0x00, 0x00, 0x00, 0x1f, 0x00, 0x00, 0x00, 0x1f, 0x00, 0x00, 0x00, 0xe8, 0xff, 0xff, 0xff,
    0x00, 0x00, 0x00, 0x00, 0x00, 0x00, 0x00, 0x00, 0x00, 0x00, 0x00, 0x00, 0xbc, 0x02, 0x00, 0x00,
    0x00, 0x00, 0x00, 0x00, 0x00, 0x00, 0x00, 0x00, 0x54, 0x00, 0x61, 0x00, 0x68, 0x00, 0x6f, 0x00,
    0x6d, 0x00, 0x61, 0x00, 0x00, 0x00, 0x20, 0x00, 0x53, 0x00, 0x65, 0x00, 0x72, 0x00, 0x69, 0x00,
    0x66, 0x00, 0x00, 0x00, 0x6e, 0x00, 0x00, 0x00, 0x00, 0x00, 0x00, 0x00, 0x00, 0x00, 0x78, 0x00,
    0x1c, 0x10, 0xfc, 0x7f, 0x22, 0x14, 0xfc, 0x7f, 0xb0, 0xfe, 0x12, 0x00, 0x00, 0x00, 0x00, 0x00,
    0x00, 0x00, 0x00, 0x00, 0x98, 0x23, 0xeb, 0x77, 0x1a, 0x00, 0x00, 0x00, 0x1a, 0x00, 0x00, 0x00,
    0xec, 0xff, 0xff, 0xff, 0x00, 0x00, 0x00, 0x00, 0x00, 0x00, 0x00, 0x00, 0x00, 0x00, 0x00, 0x00,
    0xbc, 0x02, 0x00, 0x00, 0x00, 0x00, 0x00, 0x00, 0x00, 0x00, 0x00, 0x00, 0x54, 0x00, 0x61, 0x00,
    0x68, 0x00, 0x6f, 0x00, 0x6d, 0x00, 0x61, 0x00, 0x00, 0x00, 0x6c, 0x00, 0x61, 0x00, 0x63, 0x00,
    0x6b, 0x00, 0x00, 0x00, 0x66, 0x00, 0x00, 0x00, 0x6e, 0x00, 0x00, 0x00, 0x00, 0x00, 0x00, 0x00,
    0x00, 0x20, 0x14, 0x00, 0xac, 0xb9, 0xf0, 0x77, 0x00, 0x20, 0x14, 0x00, 0x00, 0x00, 0x00, 0x10,
    0x80, 0x05, 0x14, 0x00, 0xf0, 0x1f, 0x14, 0x00, 0x00, 0x00, 0x14, 0x00, 0x1e, 0x00, 0x00, 0x00,
    0x1e, 0x00, 0x00, 0x00, 0xe8, 0xff, 0xff, 0xff, 0x00, 0x00, 0x00, 0x00, 0x00, 0x00, 0x00, 0x00,
    0x00, 0x00, 0x00, 0x00, 0x90, 0x01, 0x00, 0x00, 0x00, 0x00, 0x00, 0x00, 0x00, 0x00, 0x00, 0x00,
    0x54, 0x00, 0x61, 0x00, 0x68, 0x00, 0x6f, 0x00, 0x6d, 0x00, 0x61, 0x00, 0x00, 0x00, 0x20, 0x00,
    0x53, 0x00, 0x65, 0x00, 0x72, 0x00, 0x69, 0x00, 0x66, 0x00, 0x00, 0x00, 0x6e, 0x00, 0x00, 0x00,
    0x00, 0x00, 0x00, 0x00, 0x00, 0x00, 0x00, 0x00, 0x80, 0x05, 0x14, 0x00, 0x88, 0xfb, 0xe8, 0x77,
    0x02, 0x02, 0x00, 0x00, 0xac, 0xb9, 0xf0, 0x77, 0x00, 0x00, 0x00, 0x00, 0x20, 0x00, 0x00, 0x00,
    0xec, 0xff, 0xff, 0xff, 0x00, 0x00, 0x00, 0x00, 0x00, 0x00, 0x00, 0x00, 0x00, 0x00, 0x00, 0x00,
    0x90, 0x01, 0x00, 0x00, 0x00, 0x00, 0x00, 0x00, 0x00, 0x00, 0x00, 0x00, 0x54, 0x00, 0x61, 0x00,
    0x68, 0x00, 0x6f, 0x00, 0x6d, 0x00, 0x61, 0x00, 0x00, 0x00, 0x6c, 0x00, 0x61, 0x00, 0x63, 0x00,
    0x6b, 0x00, 0x00, 0x00, 0x66, 0x00, 0x00, 0x00, 0x6e, 0x00, 0x00, 0x00, 0xb4, 0xc0, 0xf0, 0x77,
    0x00, 0x00, 0x00, 0x00, 0x00, 0x00, 0x00, 0x00, 0x00, 0x00, 0x00, 0x00, 0x00, 0x00, 0x00, 0x00,
    0x00, 0x00, 0x00, 0x00, 0x7c, 0x6b, 0xe8, 0x77, 0x00, 0x00, 0x00, 0x00, 0xe8, 0xff, 0xff, 0xff,
    0x00, 0x00, 0x00, 0x00, 0x00, 0x00, 0x00, 0x00, 0x00, 0x00, 0x00, 0x00, 0x90, 0x01, 0x00, 0x00,
    0x00, 0x00, 0x00, 0x00, 0x00, 0x00, 0x00, 0x00, 0x54, 0x00, 0x61, 0x00, 0x68, 0x00, 0x6f, 0x00,
    0x6d, 0x00, 0x61, 0x00, 0x00, 0x00, 0x20, 0x00, 0x53, 0x00, 0x65, 0x00, 0x72, 0x00, 0x69, 0x00,
    0x66, 0x00, 0x00, 0x00, 0x6e, 0x00, 0x00, 0x00, 0xc8, 0x0b, 0x00, 0x00, 0x00, 0x00, 0x00, 0x00,
    0x08, 0x00, 0x00, 0x00, 0x06, 0x00, 0x00, 0x00, 0x18, 0x00, 0x00, 0x00, 0xff, 0xff, 0xff, 0xff,
    0xf0, 0x4b, 0x21, 0xfc, 0x00, 0xc4, 0xf0, 0x77, 0xec, 0xff, 0xff, 0xff, 0x00, 0x00, 0x00, 0x00,
    0x00, 0x00, 0x00, 0x00, 0x00, 0x00, 0x00, 0x00, 0xbc, 0x02, 0x00, 0x00, 0x00, 0x00, 0x00, 0x00,
    0x00, 0x00, 0x00, 0x00, 0x54, 0x00, 0x61, 0x00, 0x68, 0x00, 0x6f, 0x00, 0x6d, 0x00, 0x61, 0x00,
    0x00, 0x00, 0x20, 0x00, 0x53, 0x00, 0x65, 0x00, 0x72, 0x00, 0x69, 0x00, 0x66, 0x00, 0x00, 0x00,
    0x00, 0x00, 0x00, 0x00, 0x00, 0x00, 0x00, 0x00, 0x00, 0x00, 0x00, 0x00, 0xc0, 0x1d, 0x14, 0x00,
    0x0b, 0x00, 0x00, 0x00, 0x00, 0xff, 0x12, 0x00, 0x50, 0x00, 0x00, 0x00, 0xc0, 0xfe, 0x12, 0x00,
    0x0c, 0x10, 0x00, 0x01, 0x00, 0x00, 0x00, 0x02, 0x00, 0x00, 0x00, 0x02, 0x00, 0x00, 0xff, 0x00,
    0x00, 0xff, 0xff, 0x00, 0x00, 0x00, 0x00, 0x00, 0x00, 0x00, 0x00, 0x02, 0xff, 0xff, 0xff, 0x02,
    0xff, 0xff, 0xff, 0x00, 0xff, 0xff, 0x00, 0x00, 0xff, 0xff, 0xff, 0x00, 0x00, 0x00, 0xff, 0x00,
    0x00, 0xff, 0xff, 0x00, 0x00, 0x00, 0x00, 0x02, 0x00, 0x80, 0x00, 0x00, 0xff, 0xff, 0xff, 0x00,
    0x00, 0x00, 0x00, 0x02, 0x80, 0x80, 0x80, 0x02, 0x00, 0xff, 0x00, 0x02, 0xff, 0xff, 0xff, 0x02,
    0x00, 0x00, 0x00, 0x00, 0xc0, 0xc0, 0xc0, 0x02, 0xff, 0xff, 0xff, 0x02, 0xff, 0xff, 0xff, 0x02,
    0xff, 0xff, 0x00, 0x00, 0x00, 0x00, 0x00, 0x00, 0xc0, 0xc0, 0xc0, 0x00, 0x80, 0x00, 0x80, 0x02,
    0x00, 0x00, 0xff, 0x00, 0x00, 0xff, 0xff, 0x00,
];
const SCHEME_HIGH_CONTRAST_2: &[u8] = &[
    0x02, 0x00, 0x00, 0x00, 0x46, 0x00, 0x00, 0x00, 0x01, 0x00, 0x00, 0x00, 0x11, 0x00, 0x00, 0x00,
    0x11, 0x00, 0x00, 0x00, 0x14, 0x00, 0x00, 0x00, 0x14, 0x00, 0x00, 0x00, 0xf5, 0xff, 0xff, 0xff,
    0x00, 0x00, 0x00, 0x00, 0x00, 0x00, 0x00, 0x00, 0x00, 0x00, 0x00, 0x00, 0xbc, 0x02, 0x00, 0x00,
    0x00, 0x00, 0x00, 0x00, 0x00, 0x00, 0x00, 0x00, 0x4d, 0x00, 0x69, 0x00, 0x63, 0x00, 0x72, 0x00,
    0x6f, 0x00, 0x73, 0x00, 0x6f, 0x00, 0x66, 0x00, 0x74, 0x00, 0x20, 0x00, 0x53, 0x00, 0x61, 0x00,
    0x6e, 0x00, 0x73, 0x00, 0x20, 0x00, 0x53, 0x00, 0x65, 0x00, 0x72, 0x00, 0x69, 0x00, 0x66, 0x00,
    0x00, 0x00, 0xfc, 0x7f, 0x22, 0x14, 0xfc, 0x7f, 0xb0, 0xfe, 0x12, 0x00, 0x00, 0x00, 0x00, 0x00,
    0x00, 0x00, 0x00, 0x00, 0x98, 0x23, 0xeb, 0x77, 0x0f, 0x00, 0x00, 0x00, 0x0f, 0x00, 0x00, 0x00,
    0xf5, 0xff, 0xff, 0xff, 0x00, 0x00, 0x00, 0x00, 0x00, 0x00, 0x00, 0x00, 0x00, 0x00, 0x00, 0x00,
    0xbc, 0x02, 0x00, 0x00, 0x00, 0x00, 0x00, 0x00, 0x00, 0x00, 0x00, 0x00, 0x4d, 0x00, 0x69, 0x00,
    0x63, 0x00, 0x72, 0x00, 0x6f, 0x00, 0x73, 0x00, 0x6f, 0x00, 0x66, 0x00, 0x74, 0x00, 0x20, 0x00,
    0x53, 0x00, 0x61, 0x00, 0x6e, 0x00, 0x73, 0x00, 0x20, 0x00, 0x53, 0x00, 0x65, 0x00, 0x72, 0x00,
    0x69, 0x00, 0x66, 0x00, 0x00, 0x00, 0xf0, 0x77, 0x00, 0x20, 0x14, 0x00, 0x00, 0x00, 0x00, 0x10,
    0x80, 0x05, 0x14, 0x00, 0xf0, 0x1f, 0x14, 0x00, 0x00, 0x00, 0x14, 0x00, 0x12, 0x00, 0x00, 0x00,
    0x12, 0x00, 0x00, 0x00, 0xf5, 0xff, 0xff, 0xff, 0x00, 0x00, 0x00, 0x00, 0x00, 0x00, 0x00, 0x00,
    0x00, 0x00, 0x00, 0x00, 0x90, 0x01, 0x00, 0x00, 0x00, 0x00, 0x00, 0x00, 0x00, 0x00, 0x00, 0x00,
    0x4d, 0x00, 0x69, 0x00, 0x63, 0x00, 0x72, 0x00, 0x6f, 0x00, 0x73, 0x00, 0x6f, 0x00, 0x66, 0x00,
    0x74, 0x00, 0x20, 0x00, 0x53, 0x00, 0x61, 0x00, 0x6e, 0x00, 0x73, 0x00, 0x20, 0x00, 0x53, 0x00,
    0x65, 0x00, 0x72, 0x00, 0x69, 0x00, 0x66, 0x00, 0x00, 0x00, 0x14, 0x00, 0x88, 0xfb, 0xe8, 0x77,
    0x02, 0x02, 0x00, 0x00, 0xac, 0xb9, 0xf0, 0x77, 0x00, 0x00, 0x00, 0x00, 0x20, 0x00, 0x00, 0x00,
    0xf5, 0xff, 0xff, 0xff, 0x00, 0x00, 0x00, 0x00, 0x00, 0x00, 0x00, 0x00, 0x00, 0x00, 0x00, 0x00,
    0x90, 0x01, 0x00, 0x00, 0x00, 0x00, 0x00, 0x00, 0x00, 0x00, 0x00, 0x00, 0x4d, 0x00, 0x69, 0x00,
    0x63, 0x00, 0x72, 0x00, 0x6f, 0x00, 0x73, 0x00, 0x6f, 0x00, 0x66, 0x00, 0x74, 0x00, 0x20, 0x00,
    0x53, 0x00, 0x61, 0x00, 0x6e, 0x00, 0x73, 0x00, 0x20, 0x00, 0x53, 0x00, 0x65, 0x00, 0x72, 0x00,
    0x69, 0x00, 0x66, 0x00, 0x00, 0x00, 0x00, 0x00, 0x00, 0x00, 0x00, 0x00, 0x00, 0x00, 0x00, 0x00,
    0x00, 0x00, 0x00, 0x00, 0x7c, 0x6b, 0xe8, 0x77, 0x00, 0x00, 0x00, 0x00, 0xf5, 0xff, 0xff, 0xff,
    0x00, 0x00, 0x00, 0x00, 0x00, 0x00, 0x00, 0x00, 0x00, 0x00, 0x00, 0x00, 0x90, 0x01, 0x00, 0x00,
    0x00, 0x00, 0x00, 0x00, 0x00, 0x00, 0x00, 0x00, 0x4d, 0x00, 0x69, 0x00, 0x63, 0x00, 0x72, 0x00,
    0x6f, 0x00, 0x73, 0x00, 0x6f, 0x00, 0x66, 0x00, 0x74, 0x00, 0x20, 0x00, 0x53, 0x00, 0x61, 0x00,
    0x6e, 0x00, 0x73, 0x00, 0x20, 0x00, 0x53, 0x00, 0x65, 0x00, 0x72, 0x00, 0x69, 0x00, 0x66, 0x00,
    0x00, 0x00, 0x00, 0x00, 0x06, 0x00, 0x00, 0x00, 0x18, 0x00, 0x00, 0x00, 0xff, 0xff, 0xff, 0xff,
    0xf0, 0x4b, 0x21, 0xfc, 0x00, 0xc4, 0xf0, 0x77, 0xf5, 0xff, 0xff, 0xff, 0x00, 0x00, 0x00, 0x00,
    0x00, 0x00, 0x00, 0x00, 0x00, 0x00, 0x00, 0x00, 0xbc, 0x02, 0x00, 0x00, 0x00, 0x00, 0x00, 0x00,
    0x00, 0x00, 0x00, 0x00, 0x4d, 0x00, 0x69, 0x00, 0x63, 0x00, 0x72, 0x00, 0x6f, 0x00, 0x73, 0x00,
    0x6f, 0x00, 0x66, 0x00, 0x74, 0x00, 0x20, 0x00, 0x53, 0x00, 0x61, 0x00, 0x6e, 0x00, 0x73, 0x00,
    0x20, 0x00, 0x53, 0x00, 0x65, 0x00, 0x72, 0x00, 0x69, 0x00, 0x66, 0x00, 0x00, 0x00, 0x14, 0x00,
    0x0b, 0x00, 0x00, 0x00, 0x00, 0xff, 0x12, 0x00, 0x50, 0x00, 0x00, 0x00, 0xc0, 0xfe, 0x12, 0x00,
    0x0c, 0x10, 0x00, 0x01, 0x00, 0x00, 0x00, 0x02, 0x00, 0x00, 0x00, 0x02, 0x00, 0xff, 0xff, 0x00,
    0x00, 0x00, 0xff, 0x00, 0x00, 0x00, 0x00, 0x00, 0x00, 0x00, 0x00, 0x02, 0xff, 0xff, 0xff, 0x02,
    0x00, 0xff, 0x00, 0x00, 0x00, 0xff, 0x00, 0x00, 0x00, 0x00, 0x00, 0x00, 0x00, 0xff, 0xff, 0x00,
    0x00, 0x00, 0xff, 0x00, 0xff, 0xff, 0xff, 0x00, 0x00, 0x00, 0xff, 0x00, 0xff, 0xff, 0xff, 0x00,
    0x00, 0x00, 0x00, 0x02, 0x80, 0x80, 0x80, 0x02, 0x00, 0xff, 0x00, 0x02, 0x00, 0xff, 0x00, 0x00,
    0xff, 0xff, 0xff, 0x00, 0xc0, 0xc0, 0xc0, 0x02, 0xff, 0xff, 0xff, 0x02, 0xff, 0xff, 0xff, 0x02,
    0x00, 0x00, 0x00, 0x00, 0xff, 0xff, 0x00, 0x00, 0xc0, 0xc0, 0xc0, 0x00, 0x80, 0x00, 0x80, 0x02,
    0x00, 0xff, 0xff, 0x00, 0x00, 0x00, 0xff, 0x00,
];
const SCHEME_HIGH_CONTRAST_2_EXTRA_LARGE: &[u8] = &[
    0x02, 0x00, 0x00, 0x00, 0x46, 0x00, 0x00, 0x00, 0x06, 0x00, 0x00, 0x00, 0x20, 0x00, 0x00, 0x00,
    0x20, 0x00, 0x00, 0x00, 0x26, 0x00, 0x00, 0x00, 0x26, 0x00, 0x00, 0x00, 0xe1, 0xff, 0xff, 0xff,
    0x00, 0x00, 0x00, 0x00, 0x00, 0x00, 0x00, 0x00, 0x00, 0x00, 0x00, 0x00, 0xbc, 0x02, 0x00, 0x00,
    0x00, 0x00, 0x00, 0x00, 0x00, 0x00, 0x00, 0x00, 0x54, 0x00, 0x61, 0x00, 0x68, 0x00, 0x6f, 0x00,
    0x6d, 0x00, 0x61, 0x00, 0x00, 0x00, 0x20, 0x00, 0x53, 0x00, 0x65, 0x00, 0x72, 0x00, 0x69, 0x00,
    0x66, 0x00, 0x00, 0x00, 0x6e, 0x00, 0x00, 0x00, 0x00, 0x00, 0x00, 0x00, 0x00, 0x00, 0x78, 0x00,
    0x1c, 0x10, 0xfc, 0x7f, 0x22, 0x14, 0xfc, 0x7f, 0xb0, 0xfe, 0x12, 0x00, 0x00, 0x00, 0x00, 0x00,
    0x00, 0x00, 0x00, 0x00, 0x98, 0x23, 0xeb, 0x77, 0x1c, 0x00, 0x00, 0x00, 0x1c, 0x00, 0x00, 0x00,
    0xe9, 0xff, 0xff, 0xff, 0x00, 0x00, 0x00, 0x00, 0x00, 0x00, 0x00, 0x00, 0x00, 0x00, 0x00, 0x00,
    0x90, 0x01, 0x00, 0x00, 0x00, 0x00, 0x00, 0x00, 0x00, 0x00, 0x00, 0x00, 0x54, 0x00, 0x61, 0x00,
    0x68, 0x00, 0x6f, 0x00, 0x6d, 0x00, 0x61, 0x00, 0x00, 0x00, 0x20, 0x00, 0x53, 0x00, 0x65, 0x00,
    0x72, 0x00, 0x69, 0x00, 0x66, 0x00, 0x00, 0x00, 0x6e, 0x00, 0x00, 0x00, 0x00, 0x00, 0x00, 0x00,
    0x00, 0x20, 0x14, 0x00, 0xac, 0xb9, 0xf0, 0x77, 0x00, 0x20, 0x14, 0x00, 0x00, 0x00, 0x00, 0x10,
    0x80, 0x05, 0x14, 0x00, 0xf0, 0x1f, 0x14, 0x00, 0x00, 0x00, 0x14, 0x00, 0x26, 0x00, 0x00, 0x00,
    0x26, 0x00, 0x00, 0x00, 0xe1, 0xff, 0xff, 0xff, 0x00, 0x00, 0x00, 0x00, 0x00, 0x00, 0x00, 0x00,
    0x00, 0x00, 0x00, 0x00, 0x90, 0x01, 0x00, 0x00, 0x00, 0x00, 0x00, 0x00, 0x00, 0x00, 0x00, 0x00,
    0x54, 0x00, 0x61, 0x00, 0x68, 0x00, 0x6f, 0x00, 0x6d, 0x00, 0x61, 0x00, 0x00, 0x00, 0x6c, 0x00,
    0x61, 0x00, 0x63, 0x00, 0x6b, 0x00, 0x00, 0x00, 0x66, 0x00, 0x00, 0x00, 0x6e, 0x00, 0x00, 0x00,
    0x00, 0x00, 0x00, 0x00, 0x00, 0x00, 0x00, 0x00, 0x80, 0x05, 0x14, 0x00, 0x88, 0xfb, 0xe8, 0x77,
    0x02, 0x02, 0x00, 0x00, 0xac, 0xb9, 0xf0, 0x77, 0x00, 0x00, 0x00, 0x00, 0x20, 0x00, 0x00, 0x00,
    0xe9, 0xff, 0xff, 0xff, 0x00, 0x00, 0x00, 0x00, 0x00, 0x00, 0x00, 0x00, 0x00, 0x00, 0x00, 0x00,
    0x90, 0x01, 0x00, 0x00, 0x00, 0x00, 0x00, 0x00, 0x00, 0x00, 0x00, 0x00, 0x54, 0x00, 0x61, 0x00,
    0x68, 0x00, 0x6f, 0x00, 0x6d, 0x00, 0x61, 0x00, 0x00, 0x00, 0x20, 0x00, 0x53, 0x00, 0x65, 0x00,
    0x72, 0x00, 0x69, 0x00, 0x66, 0x00, 0x00, 0x00, 0x6e, 0x00, 0x00, 0x00, 0xb4, 0xc0, 0xf0, 0x77,
    0x00, 0x00, 0x00, 0x00, 0x00, 0x00, 0x00, 0x00, 0x00, 0x00, 0x00, 0x00, 0x00, 0x00, 0x00, 0x00,
    0x00, 0x00, 0x00, 0x00, 0x7c, 0x6b, 0xe8, 0x77, 0x00, 0x00, 0x00, 0x00, 0xe1, 0xff, 0xff, 0xff,
    0x00, 0x00, 0x00, 0x00, 0x00, 0x00, 0x00, 0x00, 0x00, 0x00, 0x00, 0x00, 0x90, 0x01, 0x00, 0x00,
    0x00, 0x00, 0x00, 0x00, 0x00, 0x00, 0x00, 0x00, 0x54, 0x00, 0x61, 0x00, 0x68, 0x00, 0x6f, 0x00,
    0x6d, 0x00, 0x61, 0x00, 0x00, 0x00, 0x20, 0x00, 0x53, 0x00, 0x65, 0x00, 0x72, 0x00, 0x69, 0x00,
    0x66, 0x00, 0x00, 0x00, 0x6e, 0x00, 0x00, 0x00, 0xc8, 0x0b, 0x00, 0x00, 0x00, 0x00, 0x00, 0x00,
    0x08, 0x00, 0x00, 0x00, 0x06, 0x00, 0x00, 0x00, 0x18, 0x00, 0x00, 0x00, 0xff, 0xff, 0xff, 0xff,
    0xf0, 0x4b, 0x21, 0xfc, 0x00, 0xc4, 0xf0, 0x77, 0xe9, 0xff, 0xff, 0xff, 0x00, 0x00, 0x00, 0x00,
    0x00, 0x00, 0x00, 0x00, 0x00, 0x00, 0x00, 0x00, 0x90, 0x01, 0x00, 0x00, 0x00, 0x00, 0x00, 0x00,
    0x00, 0x00, 0x00, 0x00, 0x54, 0x00, 0x61, 0x00, 0x68, 0x00, 0x6f, 0x00, 0x6d, 0x00, 0x61, 0x00,
    0x00, 0x00, 0x6c, 0x00, 0x61, 0x00, 0x63, 0x00, 0x6b, 0x00, 0x00, 0x00, 0x00, 0x00, 0x74, 0x00,
    0x79, 0x00, 0x6c, 0x00, 0x65, 0x00, 0x00, 0x00, 0x6f, 0x00, 0x6b, 0x00, 0x00, 0x00, 0x43, 0x00,
    0x6f, 0x00, 0x6e, 0x00, 0x64, 0x00, 0x00, 0x00, 0x64, 0x00, 0x00, 0x00, 0xc0, 0xfe, 0x12, 0x00,
    0x0c, 0x10, 0x00, 0x01, 0x00, 0x00, 0x00, 0x02, 0x00, 0x00, 0x00, 0x02, 0x00, 0xff, 0xff, 0x00,
    0x00, 0x00, 0xff, 0x00, 0x00, 0x00, 0x00, 0x00, 0x00, 0x00, 0x00, 0x02, 0xff, 0xff, 0xff, 0x02,
    0x00, 0xff, 0x00, 0x00, 0x00, 0xff, 0x00, 0x00, 0x00, 0x00, 0x00, 0x00, 0x00, 0xff, 0xff, 0x00,
    0x00, 0x00, 0xff, 0x00, 0xff, 0xff, 0xff, 0x00, 0x00, 0x00, 0xff, 0x00, 0xff, 0xff, 0xff, 0x00,
    0x00, 0x00, 0x00, 0x02, 0x80, 0x80, 0x80, 0x02, 0x00, 0xff, 0x00, 0x02, 0x00, 0xff, 0x00, 0x00,
    0xff, 0xff, 0xff, 0x00, 0xc0, 0xc0, 0xc0, 0x02, 0xff, 0xff, 0xff, 0x02, 0xff, 0xff, 0xff, 0x02,
    0x00, 0x00, 0x00, 0x00, 0xff, 0xff, 0x00, 0x00, 0xc0, 0xc0, 0xc0, 0x00, 0x80, 0x00, 0x80, 0x02,
    0x00, 0xff, 0xff, 0x00, 0x00, 0x00, 0xff, 0x00,
];
const SCHEME_HIGH_CONTRAST_2_LARGE: &[u8] = &[
    0x02, 0x00, 0x00, 0x00, 0x46, 0x00, 0x00, 0x00, 0x06, 0x00, 0x00, 0x00, 0x1c, 0x00, 0x00, 0x00,
    0x1c, 0x00, 0x00, 0x00, 0x1f, 0x00, 0x00, 0x00, 0x1f, 0x00, 0x00, 0x00, 0xe8, 0xff, 0xff, 0xff,
    0x00, 0x00, 0x00, 0x00, 0x00, 0x00, 0x00, 0x00, 0x00, 0x00, 0x00, 0x00, 0xbc, 0x02, 0x00, 0x00,
    0x00, 0x00, 0x00, 0x00, 0x00, 0x00, 0x00, 0x00, 0x54, 0x00, 0x61, 0x00, 0x68, 0x00, 0x6f, 0x00,
    0x6d, 0x00, 0x61, 0x00, 0x00, 0x00, 0x20, 0x00, 0x53, 0x00, 0x65, 0x00, 0x72, 0x00, 0x69, 0x00,
    0x66, 0x00, 0x00, 0x00, 0x6e, 0x00, 0x00, 0x00, 0x00, 0x00, 0x00, 0x00, 0x00, 0x00, 0x78, 0x00,
    0x1c, 0x10, 0xfc, 0x7f, 0x22, 0x14, 0xfc, 0x7f, 0xb0, 0xfe, 0x12, 0x00, 0x00, 0x00, 0x00, 0x00,
    0x00, 0x00, 0x00, 0x00, 0x98, 0x23, 0xeb, 0x77, 0x1a, 0x00, 0x00, 0x00, 0x1a, 0x00, 0x00, 0x00,
    0xec, 0xff, 0xff, 0xff, 0x00, 0x00, 0x00, 0x00, 0x00, 0x00, 0x00, 0x00, 0x00, 0x00, 0x00, 0x00,
    0xbc, 0x02, 0x00, 0x00, 0x00, 0x00, 0x00, 0x00, 0x00, 0x00, 0x00, 0x00, 0x54, 0x00, 0x61, 0x00,
    0x68, 0x00, 0x6f, 0x00, 0x6d, 0x00, 0x61, 0x00, 0x00, 0x00, 0x20, 0x00, 0x53, 0x00, 0x65, 0x00,
    0x72, 0x00, 0x69, 0x00, 0x66, 0x00, 0x00, 0x00, 0x6e, 0x00, 0x00, 0x00, 0x00, 0x00, 0x00, 0x00,
    0x00, 0x20, 0x14, 0x00, 0xac, 0xb9, 0xf0, 0x77, 0x00, 0x20, 0x14, 0x00, 0x00, 0x00, 0x00, 0x10,
    0x80, 0x05, 0x14, 0x00, 0xf0, 0x1f, 0x14, 0x00, 0x00, 0x00, 0x14, 0x00, 0x1e, 0x00, 0x00, 0x00,
    0x1e, 0x00, 0x00, 0x00, 0xe8, 0xff, 0xff, 0xff, 0x00, 0x00, 0x00, 0x00, 0x00, 0x00, 0x00, 0x00,
    0x00, 0x00, 0x00, 0x00, 0x90, 0x01, 0x00, 0x00, 0x00, 0x00, 0x00, 0x00, 0x00, 0x00, 0x00, 0x00,
    0x54, 0x00, 0x61, 0x00, 0x68, 0x00, 0x6f, 0x00, 0x6d, 0x00, 0x61, 0x00, 0x00, 0x00, 0x6c, 0x00,
    0x61, 0x00, 0x63, 0x00, 0x6b, 0x00, 0x00, 0x00, 0x66, 0x00, 0x00, 0x00, 0x6e, 0x00, 0x00, 0x00,
    0x00, 0x00, 0x00, 0x00, 0x00, 0x00, 0x00, 0x00, 0x80, 0x05, 0x14, 0x00, 0x88, 0xfb, 0xe8, 0x77,
    0x02, 0x02, 0x00, 0x00, 0xac, 0xb9, 0xf0, 0x77, 0x00, 0x00, 0x00, 0x00, 0x20, 0x00, 0x00, 0x00,
    0xec, 0xff, 0xff, 0xff, 0x00, 0x00, 0x00, 0x00, 0x00, 0x00, 0x00, 0x00, 0x00, 0x00, 0x00, 0x00,
    0x90, 0x01, 0x00, 0x00, 0x00, 0x00, 0x00, 0x00, 0x00, 0x00, 0x00, 0x00, 0x54, 0x00, 0x61, 0x00,
    0x68, 0x00, 0x6f, 0x00, 0x6d, 0x00, 0x61, 0x00, 0x00, 0x00, 0x20, 0x00, 0x53, 0x00, 0x65, 0x00,
    0x72, 0x00, 0x69, 0x00, 0x66, 0x00, 0x00, 0x00, 0x6e, 0x00, 0x00, 0x00, 0xb4, 0xc0, 0xf0, 0x77,
    0x00, 0x00, 0x00, 0x00, 0x00, 0x00, 0x00, 0x00, 0x00, 0x00, 0x00, 0x00, 0x00, 0x00, 0x00, 0x00,
    0x00, 0x00, 0x00, 0x00, 0x7c, 0x6b, 0xe8, 0x77, 0x00, 0x00, 0x00, 0x00, 0xe8, 0xff, 0xff, 0xff,
    0x00, 0x00, 0x00, 0x00, 0x00, 0x00, 0x00, 0x00, 0x00, 0x00, 0x00, 0x00, 0x90, 0x01, 0x00, 0x00,
    0x00, 0x00, 0x00, 0x00, 0x00, 0x00, 0x00, 0x00, 0x54, 0x00, 0x61, 0x00, 0x68, 0x00, 0x6f, 0x00,
    0x6d, 0x00, 0x61, 0x00, 0x00, 0x00, 0x20, 0x00, 0x53, 0x00, 0x65, 0x00, 0x72, 0x00, 0x69, 0x00,
    0x66, 0x00, 0x00, 0x00, 0x6e, 0x00, 0x00, 0x00, 0xc8, 0x0b, 0x00, 0x00, 0x00, 0x00, 0x00, 0x00,
    0x08, 0x00, 0x00, 0x00, 0x06, 0x00, 0x00, 0x00, 0x18, 0x00, 0x00, 0x00, 0xff, 0xff, 0xff, 0xff,
    0xf0, 0x4b, 0x21, 0xfc, 0x00, 0xc4, 0xf0, 0x77, 0xec, 0xff, 0xff, 0xff, 0x00, 0x00, 0x00, 0x00,
    0x00, 0x00, 0x00, 0x00, 0x00, 0x00, 0x00, 0x00, 0xbc, 0x02, 0x00, 0x00, 0x00, 0x00, 0x00, 0x00,
    0x00, 0x00, 0x00, 0x00, 0x54, 0x00, 0x61, 0x00, 0x68, 0x00, 0x6f, 0x00, 0x6d, 0x00, 0x61, 0x00,
    0x00, 0x00, 0x6c, 0x00, 0x61, 0x00, 0x63, 0x00, 0x6b, 0x00, 0x00, 0x00, 0x00, 0x00, 0x74, 0x00,
    0x79, 0x00, 0x6c, 0x00, 0x65, 0x00, 0x00, 0x00, 0x6f, 0x00, 0x6b, 0x00, 0x00, 0x00, 0x43, 0x00,
    0x6f, 0x00, 0x6e, 0x00, 0x64, 0x00, 0x00, 0x00, 0x64, 0x00, 0x00, 0x00, 0xc0, 0xfe, 0x12, 0x00,
    0x0c, 0x10, 0x00, 0x01, 0x00, 0x00, 0x00, 0x02, 0x00, 0x00, 0x00, 0x02, 0x00, 0xff, 0xff, 0x00,
    0x00, 0x00, 0xff, 0x00, 0x00, 0x00, 0x00, 0x00, 0x00, 0x00, 0x00, 0x02, 0xff, 0xff, 0xff, 0x02,
    0x00, 0xff, 0x00, 0x00, 0x00, 0xff, 0x00, 0x00, 0x00, 0x00, 0x00, 0x00, 0x00, 0xff, 0xff, 0x00,
    0x00, 0x00, 0xff, 0x00, 0xff, 0xff, 0xff, 0x00, 0x00, 0x00, 0xff, 0x00, 0xff, 0xff, 0xff, 0x00,
    0x00, 0x00, 0x00, 0x02, 0x80, 0x80, 0x80, 0x02, 0x00, 0xff, 0x00, 0x02, 0x00, 0xff, 0x00, 0x00,
    0xff, 0xff, 0xff, 0x00, 0xc0, 0xc0, 0xc0, 0x02, 0xff, 0xff, 0xff, 0x02, 0xff, 0xff, 0xff, 0x02,
    0x00, 0x00, 0x00, 0x00, 0xff, 0xff, 0x00, 0x00, 0xc0, 0xc0, 0xc0, 0x00, 0x80, 0x00, 0x80, 0x02,
    0x00, 0xff, 0xff, 0x00, 0x00, 0x00, 0xff, 0x00,
];
const SCHEME_HIGH_CONTRAST_BLACK: &[u8] = &[
    0x02, 0x00, 0x00, 0x00, 0x46, 0x00, 0x00, 0x00, 0x01, 0x00, 0x00, 0x00, 0x11, 0x00, 0x00, 0x00,
    0x11, 0x00, 0x00, 0x00, 0x14, 0x00, 0x00, 0x00, 0x14, 0x00, 0x00, 0x00, 0xf5, 0xff, 0xff, 0xff,
    0x00, 0x00, 0x00, 0x00, 0x00, 0x00, 0x00, 0x00, 0x00, 0x00, 0x00, 0x00, 0xbc, 0x02, 0x00, 0x00,
    0x00, 0x00, 0x00, 0x00, 0x00, 0x00, 0x00, 0x00, 0x4d, 0x00, 0x69, 0x00, 0x63, 0x00, 0x72, 0x00,
    0x6f, 0x00, 0x73, 0x00, 0x6f, 0x00, 0x66, 0x00, 0x74, 0x00, 0x20, 0x00, 0x53, 0x00, 0x61, 0x00,
    0x6e, 0x00, 0x73, 0x00, 0x20, 0x00, 0x53, 0x00, 0x65, 0x00, 0x72, 0x00, 0x69, 0x00, 0x66, 0x00,
    0x00, 0x00, 0xfc, 0x7f, 0x22, 0x14, 0xfc, 0x7f, 0xb0, 0xfe, 0x12, 0x00, 0x00, 0x00, 0x00, 0x00,
    0x00, 0x00, 0x00, 0x00, 0x98, 0x23, 0xeb, 0x77, 0x0f, 0x00, 0x00, 0x00, 0x0f, 0x00, 0x00, 0x00,
    0xf5, 0xff, 0xff, 0xff, 0x00, 0x00, 0x00, 0x00, 0x00, 0x00, 0x00, 0x00, 0x00, 0x00, 0x00, 0x00,
    0xbc, 0x02, 0x00, 0x00, 0x00, 0x00, 0x00, 0x00, 0x00, 0x00, 0x00, 0x00, 0x4d, 0x00, 0x69, 0x00,
    0x63, 0x00, 0x72, 0x00, 0x6f, 0x00, 0x73, 0x00, 0x6f, 0x00, 0x66, 0x00, 0x74, 0x00, 0x20, 0x00,
    0x53, 0x00, 0x61, 0x00, 0x6e, 0x00, 0x73, 0x00, 0x20, 0x00, 0x53, 0x00, 0x65, 0x00, 0x72, 0x00,
    0x69, 0x00, 0x66, 0x00, 0x00, 0x00, 0xf0, 0x77, 0x00, 0x20, 0x14, 0x00, 0x00, 0x00, 0x00, 0x10,
    0x80, 0x05, 0x14, 0x00, 0xf0, 0x1f, 0x14, 0x00, 0x00, 0x00, 0x14, 0x00, 0x12, 0x00, 0x00, 0x00,
    0x12, 0x00, 0x00, 0x00, 0xf5, 0xff, 0xff, 0xff, 0x00, 0x00, 0x00, 0x00, 0x00, 0x00, 0x00, 0x00,
    0x00, 0x00, 0x00, 0x00, 0x90, 0x01, 0x00, 0x00, 0x00, 0x00, 0x00, 0x00, 0x00, 0x00, 0x00, 0x00,
    0x4d, 0x00, 0x69, 0x00, 0x63, 0x00, 0x72, 0x00, 0x6f, 0x00, 0x73, 0x00, 0x6f, 0x00, 0x66, 0x00,
    0x74, 0x00, 0x20, 0x00, 0x53, 0x00, 0x61, 0x00, 0x6e, 0x00, 0x73, 0x00, 0x20, 0x00, 0x53, 0x00,
    0x65, 0x00, 0x72, 0x00, 0x69, 0x00, 0x66, 0x00, 0x00, 0x00, 0x14, 0x00, 0x88, 0xfb, 0xe8, 0x77,
    0x02, 0x02, 0x00, 0x00, 0xac, 0xb9, 0xf0, 0x77, 0x00, 0x00, 0x00, 0x00, 0x20, 0x00, 0x00, 0x00,
    0xf5, 0xff, 0xff, 0xff, 0x00, 0x00, 0x00, 0x00, 0x00, 0x00, 0x00, 0x00, 0x00, 0x00, 0x00, 0x00,
    0x90, 0x01, 0x00, 0x00, 0x00, 0x00, 0x00, 0x00, 0x00, 0x00, 0x00, 0x00, 0x4d, 0x00, 0x69, 0x00,
    0x63, 0x00, 0x72, 0x00, 0x6f, 0x00, 0x73, 0x00, 0x6f, 0x00, 0x66, 0x00, 0x74, 0x00, 0x20, 0x00,
    0x53, 0x00, 0x61, 0x00, 0x6e, 0x00, 0x73, 0x00, 0x20, 0x00, 0x53, 0x00, 0x65, 0x00, 0x72, 0x00,
    0x69, 0x00, 0x66, 0x00, 0x00, 0x00, 0x00, 0x00, 0x00, 0x00, 0x00, 0x00, 0x00, 0x00, 0x00, 0x00,
    0x00, 0x00, 0x00, 0x00, 0x7c, 0x6b, 0xe8, 0x77, 0x00, 0x00, 0x00, 0x00, 0xf5, 0xff, 0xff, 0xff,
    0x00, 0x00, 0x00, 0x00, 0x00, 0x00, 0x00, 0x00, 0x00, 0x00, 0x00, 0x00, 0x90, 0x01, 0x00, 0x00,
    0x00, 0x00, 0x00, 0x00, 0x00, 0x00, 0x00, 0x00, 0x4d, 0x00, 0x69, 0x00, 0x63, 0x00, 0x72, 0x00,
    0x6f, 0x00, 0x73, 0x00, 0x6f, 0x00, 0x66, 0x00, 0x74, 0x00, 0x20, 0x00, 0x53, 0x00, 0x61, 0x00,
    0x6e, 0x00, 0x73, 0x00, 0x20, 0x00, 0x53, 0x00, 0x65, 0x00, 0x72, 0x00, 0x69, 0x00, 0x66, 0x00,
    0x00, 0x00, 0x00, 0x00, 0x06, 0x00, 0x00, 0x00, 0x18, 0x00, 0x00, 0x00, 0xff, 0xff, 0xff, 0xff,
    0xf0, 0x4b, 0x21, 0xfc, 0x00, 0xc4, 0xf0, 0x77, 0xf5, 0xff, 0xff, 0xff, 0x00, 0x00, 0x00, 0x00,
    0x00, 0x00, 0x00, 0x00, 0x00, 0x00, 0x00, 0x00, 0xbc, 0x02, 0x00, 0x00, 0x00, 0x00, 0x00, 0x00,
    0x00, 0x00, 0x00, 0x00, 0x4d, 0x00, 0x69, 0x00, 0x63, 0x00, 0x72, 0x00, 0x6f, 0x00, 0x73, 0x00,
    0x6f, 0x00, 0x66, 0x00, 0x74, 0x00, 0x20, 0x00, 0x53, 0x00, 0x61, 0x00, 0x6e, 0x00, 0x73, 0x00,
    0x20, 0x00, 0x53, 0x00, 0x65, 0x00, 0x72, 0x00, 0x69, 0x00, 0x66, 0x00, 0x00, 0x00, 0x14, 0x00,
    0x0b, 0x00, 0x00, 0x00, 0x00, 0xff, 0x12, 0x00, 0x50, 0x00, 0x00, 0x00, 0xc0, 0xfe, 0x12, 0x00,
    0x0c, 0x10, 0x00, 0x01, 0x00, 0x00, 0x00, 0x02, 0x00, 0x00, 0x00, 0x02, 0x80, 0x00, 0x80, 0x00,
    0x00, 0x80, 0x00, 0x00, 0x00, 0x00, 0x00, 0x00, 0x00, 0x00, 0x00, 0x02, 0xff, 0xff, 0xff, 0x02,
    0xff, 0xff, 0xff, 0x00, 0xff, 0xff, 0xff, 0x00, 0xff, 0xff, 0xff, 0x00, 0xff, 0xff, 0x00, 0x02,
    0x00, 0x80, 0x00, 0x02, 0x00, 0x00, 0x00, 0x02, 0x80, 0x00, 0x80, 0x00, 0xff, 0xff, 0xff, 0x00,
    0x00, 0x00, 0x00, 0x02, 0x80, 0x80, 0x80, 0x02, 0x00, 0xff, 0x00, 0x02, 0xff, 0xff, 0xff, 0x02,
    0xff, 0xff, 0xff, 0x00, 0xc0, 0xc0, 0xc0, 0x02, 0xff, 0xff, 0xff, 0x02, 0xff, 0xff, 0xff, 0x02,
    0xff, 0xff, 0xff, 0x00, 0x00, 0x00, 0x00, 0x00, 0xc0, 0xc0, 0xc0, 0x00, 0x80, 0x00, 0x80, 0x02,
    0x80, 0x00, 0x80, 0x00, 0x00, 0x80, 0x00, 0x00,
];
const SCHEME_HIGH_CONTRAST_BLACK_EXTRA_LARGE: &[u8] = &[
    0x02, 0x00, 0x00, 0x00, 0x46, 0x00, 0x00, 0x00, 0x06, 0x00, 0x00, 0x00, 0x20, 0x00, 0x00, 0x00,
    0x20, 0x00, 0x00, 0x00, 0x25, 0x00, 0x00, 0x00, 0x25, 0x00, 0x00, 0x00, 0xe1, 0xff, 0xff, 0xff,
    0x00, 0x00, 0x00, 0x00, 0x00, 0x00, 0x00, 0x00, 0x00, 0x00, 0x00, 0x00, 0xbc, 0x02, 0x00, 0x00,
    0x00, 0x00, 0x00, 0x00, 0x00, 0x00, 0x00, 0x00, 0x54, 0x00, 0x61, 0x00, 0x68, 0x00, 0x6f, 0x00,
    0x6d, 0x00, 0x61, 0x00, 0x00, 0x00, 0x65, 0x00, 0x77, 0x00, 0x20, 0x00, 0x52, 0x00, 0x6f, 0x00,
    0x6d, 0x00, 0x61, 0x00, 0x6e, 0x00, 0x00, 0x00, 0x00, 0x00, 0x00, 0x00, 0x00, 0x00, 0x78, 0x00,
    0x1c, 0x10, 0xfc, 0x7f, 0x22, 0x14, 0xfc, 0x7f, 0xb0, 0xfe, 0x12, 0x00, 0x00, 0x00, 0x00, 0x00,
    0x00, 0x00, 0x00, 0x00, 0x98, 0x23, 0xeb, 0x77, 0x1c, 0x00, 0x00, 0x00, 0x1c, 0x00, 0x00, 0x00,
    0xe9, 0xff, 0xff, 0xff, 0x00, 0x00, 0x00, 0x00, 0x00, 0x00, 0x00, 0x00, 0x00, 0x00, 0x00, 0x00,
    0x90, 0x01, 0x00, 0x00, 0x00, 0x00, 0x00, 0x00, 0x00, 0x00, 0x00, 0x00, 0x54, 0x00, 0x61, 0x00,
    0x68, 0x00, 0x6f, 0x00, 0x6d, 0x00, 0x61, 0x00, 0x00, 0x00, 0x65, 0x00, 0x77, 0x00, 0x20, 0x00,
    0x52, 0x00, 0x6f, 0x00, 0x6d, 0x00, 0x61, 0x00, 0x6e, 0x00, 0x00, 0x00, 0x00, 0x00, 0x00, 0x00,
    0x00, 0x20, 0x14, 0x00, 0xac, 0xb9, 0xf0, 0x77, 0x00, 0x20, 0x14, 0x00, 0x00, 0x00, 0x00, 0x10,
    0x80, 0x05, 0x14, 0x00, 0xf0, 0x1f, 0x14, 0x00, 0x00, 0x00, 0x14, 0x00, 0x26, 0x00, 0x00, 0x00,
    0x26, 0x00, 0x00, 0x00, 0xe1, 0xff, 0xff, 0xff, 0x00, 0x00, 0x00, 0x00, 0x00, 0x00, 0x00, 0x00,
    0x00, 0x00, 0x00, 0x00, 0x90, 0x01, 0x00, 0x00, 0x00, 0x00, 0x00, 0x00, 0x00, 0x00, 0x00, 0x00,
    0x54, 0x00, 0x61, 0x00, 0x68, 0x00, 0x6f, 0x00, 0x6d, 0x00, 0x61, 0x00, 0x00, 0x00, 0x20, 0x00,
    0x53, 0x00, 0x65, 0x00, 0x72, 0x00, 0x69, 0x00, 0x66, 0x00, 0x00, 0x00, 0x6e, 0x00, 0x00, 0x00,
    0x00, 0x00, 0x00, 0x00, 0x00, 0x00, 0x00, 0x00, 0x80, 0x05, 0x14, 0x00, 0x88, 0xfb, 0xe8, 0x77,
    0x02, 0x02, 0x00, 0x00, 0xac, 0xb9, 0xf0, 0x77, 0x00, 0x00, 0x00, 0x00, 0x20, 0x00, 0x00, 0x00,
    0xe9, 0xff, 0xff, 0xff, 0x00, 0x00, 0x00, 0x00, 0x00, 0x00, 0x00, 0x00, 0x00, 0x00, 0x00, 0x00,
    0x90, 0x01, 0x00, 0x00, 0x00, 0x00, 0x00, 0x00, 0x00, 0x00, 0x00, 0x00, 0x54, 0x00, 0x61, 0x00,
    0x68, 0x00, 0x6f, 0x00, 0x6d, 0x00, 0x61, 0x00, 0x00, 0x00, 0x20, 0x00, 0x53, 0x00, 0x65, 0x00,
    0x72, 0x00, 0x69, 0x00, 0x66, 0x00, 0x00, 0x00, 0x6e, 0x00, 0x00, 0x00, 0xb4, 0xc0, 0xf0, 0x77,
    0x00, 0x00, 0x00, 0x00, 0x00, 0x00, 0x00, 0x00, 0x00, 0x00, 0x00, 0x00, 0x00, 0x00, 0x00, 0x00,
    0x00, 0x00, 0x00, 0x00, 0x7c, 0x6b, 0xe8, 0x77, 0x00, 0x00, 0x00, 0x00, 0xe1, 0xff, 0xff, 0xff,
    0x00, 0x00, 0x00, 0x00, 0x00, 0x00, 0x00, 0x00, 0x00, 0x00, 0x00, 0x00, 0x90, 0x01, 0x00, 0x00,
    0x00, 0x00, 0x00, 0x00, 0x00, 0x00, 0x00, 0x00, 0x54, 0x00, 0x61, 0x00, 0x68, 0x00, 0x6f, 0x00,
    0x6d, 0x00, 0x61, 0x00, 0x00, 0x00, 0x20, 0x00, 0x53, 0x00, 0x65, 0x00, 0x72, 0x00, 0x69, 0x00,
    0x66, 0x00, 0x00, 0x00, 0x6e, 0x00, 0x00, 0x00, 0xc8, 0x0b, 0x00, 0x00, 0x00, 0x00, 0x00, 0x00,
    0x08, 0x00, 0x00, 0x00, 0x06, 0x00, 0x00, 0x00, 0x18, 0x00, 0x00, 0x00, 0xff, 0xff, 0xff, 0xff,
    0xf0, 0x4b, 0x21, 0xfc, 0x00, 0xc4, 0xf0, 0x77, 0xe9, 0xff, 0xff, 0xff, 0x00, 0x00, 0x00, 0x00,
    0x00, 0x00, 0x00, 0x00, 0x00, 0x00, 0x00, 0x00, 0x90, 0x01, 0x00, 0x00, 0x00, 0x00, 0x00, 0x00,
    0x00, 0x00, 0x00, 0x00, 0x54, 0x00, 0x61, 0x00, 0x68, 0x00, 0x6f, 0x00, 0x6d, 0x00, 0x61, 0x00,
    0x00, 0x00, 0x20, 0x00, 0x53, 0x00, 0x65, 0x00, 0x72, 0x00, 0x69, 0x00, 0x66, 0x00, 0x00, 0x00,
    0x00, 0x00, 0x00, 0x00, 0x00, 0x00, 0x00, 0x00, 0x00, 0x00, 0x00, 0x00, 0xc0, 0x1d, 0x14, 0x00,
    0x0b, 0x00, 0x00, 0x00, 0x00, 0xff, 0x12, 0x00, 0x50, 0x00, 0x00, 0x00, 0xc0, 0xfe, 0x12, 0x00,
    0x0c, 0x10, 0x00, 0x01, 0x00, 0x00, 0x00, 0x02, 0x00, 0x00, 0x00, 0x02, 0x80, 0x00, 0x80, 0x00,
    0x00, 0x80, 0x00, 0x00, 0x00, 0x00, 0x00, 0x00, 0x00, 0x00, 0x00, 0x02, 0xff, 0xff, 0xff, 0x02,
    0xff, 0xff, 0xff, 0x00, 0xff, 0xff, 0xff, 0x00, 0xff, 0xff, 0xff, 0x00, 0xff, 0xff, 0x00, 0x02,
    0x00, 0x80, 0x00, 0x02, 0x00, 0x00, 0x00, 0x02, 0x80, 0x00, 0x80, 0x00, 0xff, 0xff, 0xff, 0x00,
    0x00, 0x00, 0x00, 0x02, 0x80, 0x80, 0x80, 0x02, 0x00, 0xff, 0x00, 0x02, 0xff, 0xff, 0xff, 0x02,
    0xff, 0xff, 0xff, 0x00, 0xc0, 0xc0, 0xc0, 0x02, 0xff, 0xff, 0xff, 0x02, 0xff, 0xff, 0xff, 0x02,
    0xff, 0xff, 0xff, 0x00, 0x00, 0x00, 0x00, 0x00, 0xc0, 0xc0, 0xc0, 0x00, 0x80, 0x00, 0x80, 0x02,
    0x80, 0x00, 0x80, 0x00, 0x00, 0x80, 0x00, 0x00,
];
const SCHEME_HIGH_CONTRAST_BLACK_LARGE: &[u8] = &[
    0x02, 0x00, 0x00, 0x00, 0x46, 0x00, 0x00, 0x00, 0x06, 0x00, 0x00, 0x00, 0x1c, 0x00, 0x00, 0x00,
    0x1c, 0x00, 0x00, 0x00, 0x1f, 0x00, 0x00, 0x00, 0x1f, 0x00, 0x00, 0x00, 0xe8, 0xff, 0xff, 0xff,
    0x00, 0x00, 0x00, 0x00, 0x00, 0x00, 0x00, 0x00, 0x00, 0x00, 0x00, 0x00, 0xbc, 0x02, 0x00, 0x00,
    0x00, 0x00, 0x00, 0x00, 0x00, 0x00, 0x00, 0x00, 0x54, 0x00, 0x61, 0x00, 0x68, 0x00, 0x6f, 0x00,
    0x6d, 0x00, 0x61, 0x00, 0x00, 0x00, 0x20, 0x00, 0x53, 0x00, 0x65, 0x00, 0x72, 0x00, 0x69, 0x00,
    0x66, 0x00, 0x00, 0x00, 0x6e, 0x00, 0x00, 0x00, 0x00, 0x00, 0x00, 0x00, 0x00, 0x00, 0x78, 0x00,
    0x1c, 0x10, 0xfc, 0x7f, 0x22, 0x14, 0xfc, 0x7f, 0xb0, 0xfe, 0x12, 0x00, 0x00, 0x00, 0x00, 0x00,
    0x00, 0x00, 0x00, 0x00, 0x98, 0x23, 0xeb, 0x77, 0x1a, 0x00, 0x00, 0x00, 0x1a, 0x00, 0x00, 0x00,
    0xec, 0xff, 0xff, 0xff, 0x00, 0x00, 0x00, 0x00, 0x00, 0x00, 0x00, 0x00, 0x00, 0x00, 0x00, 0x00,
    0xbc, 0x02, 0x00, 0x00, 0x00, 0x00, 0x00, 0x00, 0x00, 0x00, 0x00, 0x00, 0x54, 0x00, 0x61, 0x00,
    0x68, 0x00, 0x6f, 0x00, 0x6d, 0x00, 0x61, 0x00, 0x00, 0x00, 0x20, 0x00, 0x53, 0x00, 0x65, 0x00,
    0x72, 0x00, 0x69, 0x00, 0x66, 0x00, 0x00, 0x00, 0x6e, 0x00, 0x00, 0x00, 0x00, 0x00, 0x00, 0x00,
    0x00, 0x20, 0x14, 0x00, 0xac, 0xb9, 0xf0, 0x77, 0x00, 0x20, 0x14, 0x00, 0x00, 0x00, 0x00, 0x10,
    0x80, 0x05, 0x14, 0x00, 0xf0, 0x1f, 0x14, 0x00, 0x00, 0x00, 0x14, 0x00, 0x1e, 0x00, 0x00, 0x00,
    0x1e, 0x00, 0x00, 0x00, 0xe8, 0xff, 0xff, 0xff, 0x00, 0x00, 0x00, 0x00, 0x00, 0x00, 0x00, 0x00,
    0x00, 0x00, 0x00, 0x00, 0x90, 0x01, 0x00, 0x00, 0x00, 0x00, 0x00, 0x00, 0x00, 0x00, 0x00, 0x00,
    0x54, 0x00, 0x61, 0x00, 0x68, 0x00, 0x6f, 0x00, 0x6d, 0x00, 0x61, 0x00, 0x00, 0x00, 0x20, 0x00,
    0x53, 0x00, 0x65, 0x00, 0x72, 0x00, 0x69, 0x00, 0x66, 0x00, 0x00, 0x00, 0x6e, 0x00, 0x00, 0x00,
    0x00, 0x00, 0x00, 0x00, 0x00, 0x00, 0x00, 0x00, 0x80, 0x05, 0x14, 0x00, 0x88, 0xfb, 0xe8, 0x77,
    0x02, 0x02, 0x00, 0x00, 0xac, 0xb9, 0xf0, 0x77, 0x00, 0x00, 0x00, 0x00, 0x20, 0x00, 0x00, 0x00,
    0xec, 0xff, 0xff, 0xff, 0x00, 0x00, 0x00, 0x00, 0x00, 0x00, 0x00, 0x00, 0x00, 0x00, 0x00, 0x00,
    0x90, 0x01, 0x00, 0x00, 0x00, 0x00, 0x00, 0x00, 0x00, 0x00, 0x00, 0x00, 0x54, 0x00, 0x61, 0x00,
    0x68, 0x00, 0x6f, 0x00, 0x6d, 0x00, 0x61, 0x00, 0x00, 0x00, 0x20, 0x00, 0x53, 0x00, 0x65, 0x00,
    0x72, 0x00, 0x69, 0x00, 0x66, 0x00, 0x00, 0x00, 0x6e, 0x00, 0x00, 0x00, 0xb4, 0xc0, 0xf0, 0x77,
    0x00, 0x00, 0x00, 0x00, 0x00, 0x00, 0x00, 0x00, 0x00, 0x00, 0x00, 0x00, 0x00, 0x00, 0x00, 0x00,
    0x00, 0x00, 0x00, 0x00, 0x7c, 0x6b, 0xe8, 0x77, 0x00, 0x00, 0x00, 0x00, 0xe8, 0xff, 0xff, 0xff,
    0x00, 0x00, 0x00, 0x00, 0x00, 0x00, 0x00, 0x00, 0x00, 0x00, 0x00, 0x00, 0x90, 0x01, 0x00, 0x00,
    0x00, 0x00, 0x00, 0x00, 0x00, 0x00, 0x00, 0x00, 0x54, 0x00, 0x61, 0x00, 0x68, 0x00, 0x6f, 0x00,
    0x6d, 0x00, 0x61, 0x00, 0x00, 0x00, 0x20, 0x00, 0x53, 0x00, 0x65, 0x00, 0x72, 0x00, 0x69, 0x00,
    0x66, 0x00, 0x00, 0x00, 0x6e, 0x00, 0x00, 0x00, 0xc8, 0x0b, 0x00, 0x00, 0x00, 0x00, 0x00, 0x00,
    0x08, 0x00, 0x00, 0x00, 0x06, 0x00, 0x00, 0x00, 0x18, 0x00, 0x00, 0x00, 0xff, 0xff, 0xff, 0xff,
    0xf0, 0x4b, 0x21, 0xfc, 0x00, 0xc4, 0xf0, 0x77, 0xec, 0xff, 0xff, 0xff, 0x00, 0x00, 0x00, 0x00,
    0x00, 0x00, 0x00, 0x00, 0x00, 0x00, 0x00, 0x00, 0xbc, 0x02, 0x00, 0x00, 0x00, 0x00, 0x00, 0x00,
    0x00, 0x00, 0x00, 0x00, 0x54, 0x00, 0x61, 0x00, 0x68, 0x00, 0x6f, 0x00, 0x6d, 0x00, 0x61, 0x00,
    0x00, 0x00, 0x20, 0x00, 0x53, 0x00, 0x65, 0x00, 0x72, 0x00, 0x69, 0x00, 0x66, 0x00, 0x00, 0x00,
    0x00, 0x00, 0x00, 0x00, 0x00, 0x00, 0x00, 0x00, 0x00, 0x00, 0x00, 0x00, 0xc0, 0x1d, 0x14, 0x00,
    0x0b, 0x00, 0x00, 0x00, 0x00, 0xff, 0x12, 0x00, 0x50, 0x00, 0x00, 0x00, 0xc0, 0xfe, 0x12, 0x00,
    0x0c, 0x10, 0x00, 0x01, 0x00, 0x00, 0x00, 0x02, 0x00, 0x00, 0x00, 0x02, 0x80, 0x00, 0x80, 0x00,
    0x00, 0x80, 0x00, 0x00, 0x00, 0x00, 0x00, 0x00, 0x00, 0x00, 0x00, 0x02, 0xff, 0xff, 0xff, 0x02,
    0xff, 0xff, 0xff, 0x00, 0xff, 0xff, 0xff, 0x00, 0xff, 0xff, 0xff, 0x00, 0xff, 0xff, 0x00, 0x02,
    0x00, 0x80, 0x00, 0x02, 0x00, 0x00, 0x00, 0x02, 0x80, 0x00, 0x80, 0x00, 0xff, 0xff, 0xff, 0x00,
    0x00, 0x00, 0x00, 0x02, 0x80, 0x80, 0x80, 0x02, 0x00, 0xff, 0x00, 0x02, 0xff, 0xff, 0xff, 0x02,
    0xff, 0xff, 0xff, 0x00, 0xc0, 0xc0, 0xc0, 0x02, 0xff, 0xff, 0xff, 0x02, 0xff, 0xff, 0xff, 0x02,
    0xff, 0xff, 0xff, 0x00, 0x00, 0x00, 0x00, 0x00, 0xc0, 0xc0, 0xc0, 0x00, 0x80, 0x00, 0x80, 0x02,
    0x80, 0x00, 0x80, 0x00, 0x00, 0x80, 0x00, 0x00,
];
const SCHEME_HIGH_CONTRAST_WHITE: &[u8] = &[
    0x02, 0x00, 0x00, 0x00, 0x46, 0x00, 0x00, 0x00, 0x01, 0x00, 0x00, 0x00, 0x11, 0x00, 0x00, 0x00,
    0x11, 0x00, 0x00, 0x00, 0x14, 0x00, 0x00, 0x00, 0x14, 0x00, 0x00, 0x00, 0xf5, 0xff, 0xff, 0xff,
    0x00, 0x00, 0x00, 0x00, 0x00, 0x00, 0x00, 0x00, 0x00, 0x00, 0x00, 0x00, 0xbc, 0x02, 0x00, 0x00,
    0x00, 0x00, 0x00, 0x00, 0x00, 0x00, 0x00, 0x00, 0x4d, 0x00, 0x69, 0x00, 0x63, 0x00, 0x72, 0x00,
    0x6f, 0x00, 0x73, 0x00, 0x6f, 0x00, 0x66, 0x00, 0x74, 0x00, 0x20, 0x00, 0x53, 0x00, 0x61, 0x00,
    0x6e, 0x00, 0x73, 0x00, 0x20, 0x00, 0x53, 0x00, 0x65, 0x00, 0x72, 0x00, 0x69, 0x00, 0x66, 0x00,
    0x00, 0x00, 0xfc, 0x7f, 0x22, 0x14, 0xfc, 0x7f, 0xb0, 0xfe, 0x12, 0x00, 0x00, 0x00, 0x00, 0x00,
    0x00, 0x00, 0x00, 0x00, 0x98, 0x23, 0xeb, 0x77, 0x0f, 0x00, 0x00, 0x00, 0x0f, 0x00, 0x00, 0x00,
    0xf5, 0xff, 0xff, 0xff, 0x00, 0x00, 0x00, 0x00, 0x00, 0x00, 0x00, 0x00, 0x00, 0x00, 0x00, 0x00,
    0xbc, 0x02, 0x00, 0x00, 0x00, 0x00, 0x00, 0x00, 0x00, 0x00, 0x00, 0x00, 0x4d, 0x00, 0x69, 0x00,
    0x63, 0x00, 0x72, 0x00, 0x6f, 0x00, 0x73, 0x00, 0x6f, 0x00, 0x66, 0x00, 0x74, 0x00, 0x20, 0x00,
    0x53, 0x00, 0x61, 0x00, 0x6e, 0x00, 0x73, 0x00, 0x20, 0x00, 0x53, 0x00, 0x65, 0x00, 0x72, 0x00,
    0x69, 0x00, 0x66, 0x00, 0x00, 0x00, 0xf0, 0x77, 0x00, 0x20, 0x14, 0x00, 0x00, 0x00, 0x00, 0x10,
    0x80, 0x05, 0x14, 0x00, 0xf0, 0x1f, 0x14, 0x00, 0x00, 0x00, 0x14, 0x00, 0x12, 0x00, 0x00, 0x00,
    0x12, 0x00, 0x00, 0x00, 0xf5, 0xff, 0xff, 0xff, 0x00, 0x00, 0x00, 0x00, 0x00, 0x00, 0x00, 0x00,
    0x00, 0x00, 0x00, 0x00, 0xbc, 0x02, 0x00, 0x00, 0x00, 0x00, 0x00, 0x00, 0x00, 0x00, 0x00, 0x00,
    0x4d, 0x00, 0x69, 0x00, 0x63, 0x00, 0x72, 0x00, 0x6f, 0x00, 0x73, 0x00, 0x6f, 0x00, 0x66, 0x00,
    0x74, 0x00, 0x20, 0x00, 0x53, 0x00, 0x61, 0x00, 0x6e, 0x00, 0x73, 0x00, 0x20, 0x00, 0x53, 0x00,
    0x65, 0x00, 0x72, 0x00, 0x69, 0x00, 0x66, 0x00, 0x00, 0x00, 0x14, 0x00, 0x88, 0xfb, 0xe8, 0x77,
    0x02, 0x02, 0x00, 0x00, 0xac, 0xb9, 0xf0, 0x77, 0x00, 0x00, 0x00, 0x00, 0x20, 0x00, 0x00, 0x00,
    0xf5, 0xff, 0xff, 0xff, 0x00, 0x00, 0x00, 0x00, 0x00, 0x00, 0x00, 0x00, 0x00, 0x00, 0x00, 0x00,
    0x90, 0x01, 0x00, 0x00, 0x00, 0x00, 0x00, 0x00, 0x00, 0x00, 0x00, 0x00, 0x4d, 0x00, 0x69, 0x00,
    0x63, 0x00, 0x72, 0x00, 0x6f, 0x00, 0x73, 0x00, 0x6f, 0x00, 0x66, 0x00, 0x74, 0x00, 0x20, 0x00,
    0x53, 0x00, 0x61, 0x00, 0x6e, 0x00, 0x73, 0x00, 0x20, 0x00, 0x53, 0x00, 0x65, 0x00, 0x72, 0x00,
    0x69, 0x00, 0x66, 0x00, 0x00, 0x00, 0x00, 0x00, 0x00, 0x00, 0x00, 0x00, 0x00, 0x00, 0x00, 0x00,
    0x00, 0x00, 0x00, 0x00, 0x7c, 0x6b, 0xe8, 0x77, 0x00, 0x00, 0x00, 0x00, 0xf5, 0xff, 0xff, 0xff,
    0x00, 0x00, 0x00, 0x00, 0x00, 0x00, 0x00, 0x00, 0x00, 0x00, 0x00, 0x00, 0xbc, 0x02, 0x00, 0x00,
    0x00, 0x00, 0x00, 0x00, 0x00, 0x00, 0x00, 0x00, 0x4d, 0x00, 0x69, 0x00, 0x63, 0x00, 0x72, 0x00,
    0x6f, 0x00, 0x73, 0x00, 0x6f, 0x00, 0x66, 0x00, 0x74, 0x00, 0x20, 0x00, 0x53, 0x00, 0x61, 0x00,
    0x6e, 0x00, 0x73, 0x00, 0x20, 0x00, 0x53, 0x00, 0x65, 0x00, 0x72, 0x00, 0x69, 0x00, 0x66, 0x00,
    0x00, 0x00, 0x00, 0x00, 0x06, 0x00, 0x00, 0x00, 0x18, 0x00, 0x00, 0x00, 0xff, 0xff, 0xff, 0xff,
    0xf0, 0x4b, 0x21, 0xfc, 0x00, 0xc4, 0xf0, 0x77, 0xf5, 0xff, 0xff, 0xff, 0x00, 0x00, 0x00, 0x00,
    0x00, 0x00, 0x00, 0x00, 0x00, 0x00, 0x00, 0x00, 0xbc, 0x02, 0x00, 0x00, 0x00, 0x00, 0x00, 0x00,
    0x00, 0x00, 0x00, 0x00, 0x4d, 0x00, 0x69, 0x00, 0x63, 0x00, 0x72, 0x00, 0x6f, 0x00, 0x73, 0x00,
    0x6f, 0x00, 0x66, 0x00, 0x74, 0x00, 0x20, 0x00, 0x53, 0x00, 0x61, 0x00, 0x6e, 0x00, 0x73, 0x00,
    0x20, 0x00, 0x53, 0x00, 0x65, 0x00, 0x72, 0x00, 0x69, 0x00, 0x66, 0x00, 0x00, 0x00, 0x14, 0x00,
    0x0b, 0x00, 0x00, 0x00, 0x00, 0xff, 0x12, 0x00, 0x50, 0x00, 0x00, 0x00, 0xc0, 0xfe, 0x12, 0x00,
    0x0c, 0x10, 0x00, 0x01, 0xff, 0xff, 0xff, 0x02, 0xff, 0xff, 0xff, 0x02, 0x00, 0x00, 0x00, 0x00,
    0xff, 0xff, 0xff, 0x00, 0xff, 0xff, 0xff, 0x00, 0xff, 0xff, 0xff, 0x02, 0x00, 0x00, 0x00, 0x02,
    0x00, 0x00, 0x00, 0x00, 0x00, 0x00, 0x00, 0x00, 0xff, 0xff, 0xff, 0x00, 0x80, 0x80, 0x80, 0x02,
    0xc0, 0xc0, 0xc0, 0x02, 0x80, 0x80, 0x80, 0x02, 0x00, 0x00, 0x00, 0x00, 0xff, 0xff, 0xff, 0x00,
    0xff, 0xff, 0xff, 0x02, 0x80, 0x80, 0x80, 0x02, 0x00, 0xff, 0x00, 0x02, 0x00, 0x00, 0x00, 0x02,
    0x00, 0x00, 0x00, 0x00, 0xc0, 0xc0, 0xc0, 0x02, 0x00, 0x00, 0x00, 0x02, 0xc0, 0xc0, 0xc0, 0x02,
    0x00, 0x00, 0x00, 0x00, 0xff, 0xff, 0xff, 0x00, 0xc0, 0xc0, 0xc0, 0x00, 0x00, 0x00, 0x00, 0x02,
    0x00, 0x00, 0x00, 0x00, 0xff, 0xff, 0xff, 0x00,
];
const SCHEME_HIGH_CONTRAST_WHITE_EXTRA_LARGE: &[u8] = &[
    0x02, 0x00, 0x00, 0x00, 0x46, 0x00, 0x00, 0x00, 0x06, 0x00, 0x00, 0x00, 0x1e, 0x00, 0x00, 0x00,
    0x1e, 0x00, 0x00, 0x00, 0x26, 0x00, 0x00, 0x00, 0x26, 0x00, 0x00, 0x00, 0xe1, 0xff, 0xff, 0xff,
    0x00, 0x00, 0x00, 0x00, 0x00, 0x00, 0x00, 0x00, 0x00, 0x00, 0x00, 0x00, 0xbc, 0x02, 0x00, 0x00,
    0x00, 0x00, 0x00, 0x00, 0x00, 0x00, 0x00, 0x00, 0x54, 0x00, 0x61, 0x00, 0x68, 0x00, 0x6f, 0x00,
    0x6d, 0x00, 0x61, 0x00, 0x00, 0x00, 0x65, 0x00, 0x77, 0x00, 0x20, 0x00, 0x52, 0x00, 0x6f, 0x00,
    0x6d, 0x00, 0x61, 0x00, 0x6e, 0x00, 0x00, 0x00, 0x00, 0x00, 0x00, 0x00, 0x00, 0x00, 0x78, 0x00,
    0x1c, 0x10, 0xfc, 0x7f, 0x22, 0x14, 0xfc, 0x7f, 0xb0, 0xfe, 0x12, 0x00, 0x00, 0x00, 0x00, 0x00,
    0x00, 0x00, 0x00, 0x00, 0x98, 0x23, 0xeb, 0x77, 0x1c, 0x00, 0x00, 0x00, 0x1c, 0x00, 0x00, 0x00,
    0xe9, 0xff, 0xff, 0xff, 0x00, 0x00, 0x00, 0x00, 0x00, 0x00, 0x00, 0x00, 0x00, 0x00, 0x00, 0x00,
    0x90, 0x01, 0x00, 0x00, 0x00, 0x00, 0x00, 0x00, 0x00, 0x00, 0x00, 0x00, 0x54, 0x00, 0x61, 0x00,
    0x68, 0x00, 0x6f, 0x00, 0x6d, 0x00, 0x61, 0x00, 0x00, 0x00, 0x65, 0x00, 0x77, 0x00, 0x20, 0x00,
    0x52, 0x00, 0x6f, 0x00, 0x6d, 0x00, 0x61, 0x00, 0x6e, 0x00, 0x00, 0x00, 0x00, 0x00, 0x00, 0x00,
    0x00, 0x20, 0x14, 0x00, 0xac, 0xb9, 0xf0, 0x77, 0x00, 0x20, 0x14, 0x00, 0x00, 0x00, 0x00, 0x10,
    0x80, 0x05, 0x14, 0x00, 0xf0, 0x1f, 0x14, 0x00, 0x00, 0x00, 0x14, 0x00, 0x26, 0x00, 0x00, 0x00,
    0x26, 0x00, 0x00, 0x00, 0xe1, 0xff, 0xff, 0xff, 0x00, 0x00, 0x00, 0x00, 0x00, 0x00, 0x00, 0x00,
    0x00, 0x00, 0x00, 0x00, 0xbc, 0x02, 0x00, 0x00, 0x00, 0x00, 0x00, 0x00, 0x00, 0x00, 0x00, 0x00,
    0x54, 0x00, 0x61, 0x00, 0x68, 0x00, 0x6f, 0x00, 0x6d, 0x00, 0x61, 0x00, 0x00, 0x00, 0x20, 0x00,
    0x53, 0x00, 0x65, 0x00, 0x72, 0x00, 0x69, 0x00, 0x66, 0x00, 0x00, 0x00, 0x6e, 0x00, 0x00, 0x00,
    0x00, 0x00, 0x00, 0x00, 0x00, 0x00, 0x00, 0x00, 0x80, 0x05, 0x14, 0x00, 0x88, 0xfb, 0xe8, 0x77,
    0x02, 0x02, 0x00, 0x00, 0xac, 0xb9, 0xf0, 0x77, 0x00, 0x00, 0x00, 0x00, 0x20, 0x00, 0x00, 0x00,
    0xe9, 0xff, 0xff, 0xff, 0x00, 0x00, 0x00, 0x00, 0x00, 0x00, 0x00, 0x00, 0x00, 0x00, 0x00, 0x00,
    0x90, 0x01, 0x00, 0x00, 0x00, 0x00, 0x00, 0x00, 0x00, 0x00, 0x00, 0x00, 0x54, 0x00, 0x61, 0x00,
    0x68, 0x00, 0x6f, 0x00, 0x6d, 0x00, 0x61, 0x00, 0x00, 0x00, 0x20, 0x00, 0x53, 0x00, 0x65, 0x00,
    0x72, 0x00, 0x69, 0x00, 0x66, 0x00, 0x00, 0x00, 0x6e, 0x00, 0x00, 0x00, 0xb4, 0xc0, 0xf0, 0x77,
    0x00, 0x00, 0x00, 0x00, 0x00, 0x00, 0x00, 0x00, 0x00, 0x00, 0x00, 0x00, 0x00, 0x00, 0x00, 0x00,
    0x00, 0x00, 0x00, 0x00, 0x7c, 0x6b, 0xe8, 0x77, 0x00, 0x00, 0x00, 0x00, 0xeb, 0xff, 0xff, 0xff,
    0x00, 0x00, 0x00, 0x00, 0x00, 0x00, 0x00, 0x00, 0x00, 0x00, 0x00, 0x00, 0xbc, 0x02, 0x00, 0x00,
    0x00, 0x00, 0x00, 0x00, 0x00, 0x00, 0x00, 0x00, 0x54, 0x00, 0x61, 0x00, 0x68, 0x00, 0x6f, 0x00,
    0x6d, 0x00, 0x61, 0x00, 0x00, 0x00, 0x20, 0x00, 0x53, 0x00, 0x65, 0x00, 0x72, 0x00, 0x69, 0x00,
    0x66, 0x00, 0x00, 0x00, 0x6e, 0x00, 0x00, 0x00, 0xc8, 0x0b, 0x00, 0x00, 0x00, 0x00, 0x00, 0x00,
    0x08, 0x00, 0x00, 0x00, 0x06, 0x00, 0x00, 0x00, 0x18, 0x00, 0x00, 0x00, 0xff, 0xff, 0xff, 0xff,
    0xf0, 0x4b, 0x21, 0xfc, 0x00, 0xc4, 0xf0, 0x77, 0xe9, 0xff, 0xff, 0xff, 0x00, 0x00, 0x00, 0x00,
    0x00, 0x00, 0x00, 0x00, 0x00, 0x00, 0x00, 0x00, 0xbc, 0x02, 0x00, 0x00, 0x00, 0x00, 0x00, 0x00,
    0x00, 0x00, 0x00, 0x00, 0x54, 0x00, 0x61, 0x00, 0x68, 0x00, 0x6f, 0x00, 0x6d, 0x00, 0x61, 0x00,
    0x00, 0x00, 0x20, 0x00, 0x53, 0x00, 0x65, 0x00, 0x72, 0x00, 0x69, 0x00, 0x66, 0x00, 0x00, 0x00,
    0x00, 0x00, 0x00, 0x00, 0x00, 0x00, 0x00, 0x00, 0x00, 0x00, 0x00, 0x00, 0xc0, 0x1d, 0x14, 0x00,
    0x0b, 0x00, 0x00, 0x00, 0x00, 0xff, 0x12, 0x00, 0x50, 0x00, 0x00, 0x00, 0xc0, 0xfe, 0x12, 0x00,
    0x0c, 0x10, 0x00, 0x01, 0xff, 0xff, 0xff, 0x02, 0xff, 0xff, 0xff, 0x02, 0x00, 0x00, 0x00, 0x00,
    0xff, 0xff, 0xff, 0x00, 0xff, 0xff, 0xff, 0x00, 0xff, 0xff, 0xff, 0x02, 0x00, 0x00, 0x00, 0x02,
    0x00, 0x00, 0x00, 0x00, 0x00, 0x00, 0x00, 0x00, 0xff, 0xff, 0xff, 0x00, 0x80, 0x80, 0x80, 0x02,
    0xc0, 0xc0, 0xc0, 0x02, 0x80, 0x80, 0x80, 0x02, 0x00, 0x00, 0x00, 0x00, 0xff, 0xff, 0xff, 0x00,
    0xff, 0xff, 0xff, 0x02, 0x80, 0x80, 0x80, 0x02, 0x00, 0xff, 0x00, 0x02, 0x00, 0x00, 0x00, 0x02,
    0x00, 0x00, 0x00, 0x00, 0xc0, 0xc0, 0xc0, 0x02, 0x00, 0x00, 0x00, 0x02, 0xc0, 0xc0, 0xc0, 0x02,
    0x00, 0x00, 0x00, 0x00, 0xff, 0xff, 0xff, 0x00, 0xc0, 0xc0, 0xc0, 0x00, 0x00, 0x00, 0x00, 0x02,
    0x00, 0x00, 0x00, 0x00, 0xff, 0xff, 0xff, 0x00,
];
const SCHEME_HIGH_CONTRAST_WHITE_LARGE: &[u8] = &[
    0x02, 0x00, 0x00, 0x00, 0x46, 0x00, 0x00, 0x00, 0x07, 0x00, 0x00, 0x00, 0x1a, 0x00, 0x00, 0x00,
    0x1a, 0x00, 0x00, 0x00, 0x1f, 0x00, 0x00, 0x00, 0x1f, 0x00, 0x00, 0x00, 0xe8, 0xff, 0xff, 0xff,
    0x00, 0x00, 0x00, 0x00, 0x00, 0x00, 0x00, 0x00, 0x00, 0x00, 0x00, 0x00, 0xbc, 0x02, 0x00, 0x00,
    0x00, 0x00, 0x00, 0x00, 0x00, 0x00, 0x00, 0x00, 0x54, 0x00, 0x61, 0x00, 0x68, 0x00, 0x6f, 0x00,
    0x6d, 0x00, 0x61, 0x00, 0x00, 0x00, 0x20, 0x00, 0x53, 0x00, 0x65, 0x00, 0x72, 0x00, 0x69, 0x00,
    0x66, 0x00, 0x00, 0x00, 0x6e, 0x00, 0x00, 0x00, 0x00, 0x00, 0x00, 0x00, 0x00, 0x00, 0x78, 0x00,
    0x1c, 0x10, 0xfc, 0x7f, 0x22, 0x14, 0xfc, 0x7f, 0xb0, 0xfe, 0x12, 0x00, 0x00, 0x00, 0x00, 0x00,
    0x00, 0x00, 0x00, 0x00, 0x98, 0x23, 0xeb, 0x77, 0x18, 0x00, 0x00, 0x00, 0x18, 0x00, 0x00, 0x00,
    0xed, 0xff, 0xff, 0xff, 0x00, 0x00, 0x00, 0x00, 0x00, 0x00, 0x00, 0x00, 0x00, 0x00, 0x00, 0x00,
    0xbc, 0x02, 0x00, 0x00, 0x00, 0x00, 0x00, 0x00, 0x00, 0x00, 0x00, 0x00, 0x54, 0x00, 0x61, 0x00,
    0x68, 0x00, 0x6f, 0x00, 0x6d, 0x00, 0x61, 0x00, 0x00, 0x00, 0x20, 0x00, 0x53, 0x00, 0x65, 0x00,
    0x72, 0x00, 0x69, 0x00, 0x66, 0x00, 0x00, 0x00, 0x6e, 0x00, 0x00, 0x00, 0x00, 0x00, 0x00, 0x00,
    0x00, 0x20, 0x14, 0x00, 0xac, 0xb9, 0xf0, 0x77, 0x00, 0x20, 0x14, 0x00, 0x00, 0x00, 0x00, 0x10,
    0x80, 0x05, 0x14, 0x00, 0xf0, 0x1f, 0x14, 0x00, 0x00, 0x00, 0x14, 0x00, 0x1b, 0x00, 0x00, 0x00,
    0x1b, 0x00, 0x00, 0x00, 0xeb, 0xff, 0xff, 0xff, 0x00, 0x00, 0x00, 0x00, 0x00, 0x00, 0x00, 0x00,
    0x00, 0x00, 0x00, 0x00, 0xbc, 0x02, 0x00, 0x00, 0x00, 0x00, 0x00, 0x00, 0x00, 0x00, 0x00, 0x00,
    0x54, 0x00, 0x61, 0x00, 0x68, 0x00, 0x6f, 0x00, 0x6d, 0x00, 0x61, 0x00, 0x00, 0x00, 0x20, 0x00,
    0x53, 0x00, 0x65, 0x00, 0x72, 0x00, 0x69, 0x00, 0x66, 0x00, 0x00, 0x00, 0x6e, 0x00, 0x00, 0x00,
    0x00, 0x00, 0x00, 0x00, 0x00, 0x00, 0x00, 0x00, 0x80, 0x05, 0x14, 0x00, 0x88, 0xfb, 0xe8, 0x77,
    0x02, 0x02, 0x00, 0x00, 0xac, 0xb9, 0xf0, 0x77, 0x00, 0x00, 0x00, 0x00, 0x20, 0x00, 0x00, 0x00,
    0xed, 0xff, 0xff, 0xff, 0x00, 0x00, 0x00, 0x00, 0x00, 0x00, 0x00, 0x00, 0x00, 0x00, 0x00, 0x00,
    0x90, 0x01, 0x00, 0x00, 0x00, 0x00, 0x00, 0x00, 0x00, 0x00, 0x00, 0x00, 0x54, 0x00, 0x61, 0x00,
    0x68, 0x00, 0x6f, 0x00, 0x6d, 0x00, 0x61, 0x00, 0x00, 0x00, 0x20, 0x00, 0x53, 0x00, 0x65, 0x00,
    0x72, 0x00, 0x69, 0x00, 0x66, 0x00, 0x00, 0x00, 0x6e, 0x00, 0x00, 0x00, 0xb4, 0xc0, 0xf0, 0x77,
    0x00, 0x00, 0x00, 0x00, 0x00, 0x00, 0x00, 0x00, 0x00, 0x00, 0x00, 0x00, 0x00, 0x00, 0x00, 0x00,
    0x00, 0x00, 0x00, 0x00, 0x7c, 0x6b, 0xe8, 0x77, 0x00, 0x00, 0x00, 0x00, 0xeb, 0xff, 0xff, 0xff,
    0x00, 0x00, 0x00, 0x00, 0x00, 0x00, 0x00, 0x00, 0x00, 0x00, 0x00, 0x00, 0xbc, 0x02, 0x00, 0x00,
    0x00, 0x00, 0x00, 0x00, 0x00, 0x00, 0x00, 0x00, 0x54, 0x00, 0x61, 0x00, 0x68, 0x00, 0x6f, 0x00,
    0x6d, 0x00, 0x61, 0x00, 0x00, 0x00, 0x20, 0x00, 0x53, 0x00, 0x65, 0x00, 0x72, 0x00, 0x69, 0x00,
    0x66, 0x00, 0x00, 0x00, 0x6e, 0x00, 0x00, 0x00, 0xc8, 0x0b, 0x00, 0x00, 0x00, 0x00, 0x00, 0x00,
    0x08, 0x00, 0x00, 0x00, 0x06, 0x00, 0x00, 0x00, 0x18, 0x00, 0x00, 0x00, 0xff, 0xff, 0xff, 0xff,
    0xf0, 0x4b, 0x21, 0xfc, 0x00, 0xc4, 0xf0, 0x77, 0xec, 0xff, 0xff, 0xff, 0x00, 0x00, 0x00, 0x00,
    0x00, 0x00, 0x00, 0x00, 0x00, 0x00, 0x00, 0x00, 0xbc, 0x02, 0x00, 0x00, 0x00, 0x00, 0x00, 0x00,
    0x00, 0x00, 0x00, 0x00, 0x54, 0x00, 0x61, 0x00, 0x68, 0x00, 0x6f, 0x00, 0x6d, 0x00, 0x61, 0x00,
    0x00, 0x00, 0x6c, 0x00, 0x61, 0x00, 0x63, 0x00, 0x6b, 0x00, 0x00, 0x00, 0x66, 0x00, 0x00, 0x00,
    0x00, 0x00, 0x00, 0x00, 0x00, 0x00, 0x00, 0x00, 0x00, 0x00, 0x00, 0x00, 0xc0, 0x1d, 0x14, 0x00,
    0x0b, 0x00, 0x00, 0x00, 0x00, 0xff, 0x12, 0x00, 0x50, 0x00, 0x00, 0x00, 0xc0, 0xfe, 0x12, 0x00,
    0x0c, 0x10, 0x00, 0x01, 0xff, 0xff, 0xff, 0x02, 0xff, 0xff, 0xff, 0x02, 0x00, 0x00, 0x00, 0x00,
    0xff, 0xff, 0xff, 0x00, 0xff, 0xff, 0xff, 0x00, 0xff, 0xff, 0xff, 0x02, 0x00, 0x00, 0x00, 0x02,
    0x00, 0x00, 0x00, 0x00, 0x00, 0x00, 0x00, 0x00, 0xff, 0xff, 0xff, 0x00, 0x80, 0x80, 0x80, 0x02,
    0xc0, 0xc0, 0xc0, 0x02, 0x80, 0x80, 0x80, 0x02, 0x00, 0x00, 0x00, 0x00, 0xff, 0xff, 0xff, 0x00,
    0xff, 0xff, 0xff, 0x02, 0x80, 0x80, 0x80, 0x02, 0x00, 0xff, 0x00, 0x02, 0x00, 0x00, 0x00, 0x02,
    0x00, 0x00, 0x00, 0x00, 0xc0, 0xc0, 0xc0, 0x02, 0x00, 0x00, 0x00, 0x02, 0xc0, 0xc0, 0xc0, 0x02,
    0x00, 0x00, 0x00, 0x00, 0xff, 0xff, 0xff, 0x00, 0xc0, 0xc0, 0xc0, 0x00, 0x00, 0x00, 0x00, 0x02,
    0x00, 0x00, 0x00, 0x00, 0xff, 0xff, 0xff, 0x00,
];
const SCHEME_LILAC: &[u8] = &[
    0x02, 0x00, 0x00, 0x00, 0x03, 0x00, 0x00, 0x00, 0x01, 0x00, 0x00, 0x00, 0x0f, 0x00, 0x00, 0x00,
    0x0f, 0x00, 0x00, 0x00, 0x16, 0x00, 0x00, 0x00, 0x16, 0x00, 0x00, 0x00, 0xf0, 0xff, 0xff, 0xff,
    0x00, 0x00, 0x00, 0x00, 0x00, 0x00, 0x00, 0x00, 0x00, 0x00, 0x00, 0x00, 0xbc, 0x02, 0x00, 0x00,
    0x00, 0x00, 0x00, 0x00, 0x00, 0x00, 0x00, 0x00, 0x54, 0x00, 0x61, 0x00, 0x68, 0x00, 0x6f, 0x00,
    0x6d, 0x00, 0x61, 0x00, 0x00, 0x00, 0x65, 0x00, 0x77, 0x00, 0x20, 0x00, 0x52, 0x00, 0x6f, 0x00,
    0x6d, 0x00, 0x61, 0x00, 0x6e, 0x00, 0x00, 0x00, 0x00, 0x00, 0x00, 0x00, 0x00, 0x00, 0x78, 0x00,
    0x1c, 0x10, 0xfc, 0x7f, 0x22, 0x14, 0xfc, 0x7f, 0xb0, 0xfe, 0x12, 0x00, 0x00, 0x00, 0x00, 0x00,
    0x00, 0x00, 0x00, 0x00, 0x98, 0x23, 0xeb, 0x77, 0x10, 0x00, 0x00, 0x00, 0x10, 0x00, 0x00, 0x00,
    0xf5, 0xff, 0xff, 0xff, 0x00, 0x00, 0x00, 0x00, 0x00, 0x00, 0x00, 0x00, 0x00, 0x00, 0x00, 0x00,
    0xbc, 0x02, 0x00, 0x00, 0x00, 0x00, 0x00, 0x00, 0x00, 0x00, 0x00, 0x00, 0x54, 0x00, 0x61, 0x00,
    0x68, 0x00, 0x6f, 0x00, 0x6d, 0x00, 0x61, 0x00, 0x00, 0x00, 0x65, 0x00, 0x77, 0x00, 0x20, 0x00,
    0x52, 0x00, 0x6f, 0x00, 0x6d, 0x00, 0x61, 0x00, 0x6e, 0x00, 0x00, 0x00, 0x00, 0x00, 0x00, 0x00,
    0x00, 0x20, 0x14, 0x00, 0xac, 0xb9, 0xf0, 0x77, 0x00, 0x20, 0x14, 0x00, 0x00, 0x00, 0x00, 0x10,
    0x80, 0x05, 0x14, 0x00, 0xf0, 0x1f, 0x14, 0x00, 0x00, 0x00, 0x14, 0x00, 0x12, 0x00, 0x00, 0x00,
    0x12, 0x00, 0x00, 0x00, 0xf3, 0xff, 0xff, 0xff, 0x00, 0x00, 0x00, 0x00, 0x00, 0x00, 0x00, 0x00,
    0x00, 0x00, 0x00, 0x00, 0x90, 0x01, 0x00, 0x00, 0x00, 0x00, 0x00, 0x00, 0x00, 0x00, 0x00, 0x00,
    0x54, 0x00, 0x61, 0x00, 0x68, 0x00, 0x6f, 0x00, 0x6d, 0x00, 0x61, 0x00, 0x00, 0x00, 0x20, 0x00,
    0x53, 0x00, 0x65, 0x00, 0x72, 0x00, 0x69, 0x00, 0x66, 0x00, 0x00, 0x00, 0x6e, 0x00, 0x00, 0x00,
    0x00, 0x00, 0x00, 0x00, 0x00, 0x00, 0x00, 0x00, 0x80, 0x05, 0x14, 0x00, 0x88, 0xfb, 0xe8, 0x77,
    0x02, 0x02, 0x00, 0x00, 0xac, 0xb9, 0xf0, 0x77, 0x00, 0x00, 0x00, 0x00, 0x20, 0x00, 0x00, 0x00,
    0xf5, 0xff, 0xff, 0xff, 0x00, 0x00, 0x00, 0x00, 0x00, 0x00, 0x00, 0x00, 0x00, 0x00, 0x00, 0x00,
    0x90, 0x01, 0x00, 0x00, 0x00, 0x00, 0x00, 0x00, 0x00, 0x00, 0x00, 0x00, 0x54, 0x00, 0x61, 0x00,
    0x68, 0x00, 0x6f, 0x00, 0x6d, 0x00, 0x61, 0x00, 0x00, 0x00, 0x20, 0x00, 0x53, 0x00, 0x65, 0x00,
    0x72, 0x00, 0x69, 0x00, 0x66, 0x00, 0x00, 0x00, 0x6e, 0x00, 0x00, 0x00, 0xb4, 0xc0, 0xf0, 0x77,
    0x00, 0x00, 0x00, 0x00, 0x00, 0x00, 0x00, 0x00, 0x00, 0x00, 0x00, 0x00, 0x00, 0x00, 0x00, 0x00,
    0x00, 0x00, 0x00, 0x00, 0x7c, 0x6b, 0xe8, 0x77, 0x00, 0x00, 0x00, 0x00, 0xf3, 0xff, 0xff, 0xff,
    0x00, 0x00, 0x00, 0x00, 0x00, 0x00, 0x00, 0x00, 0x00, 0x00, 0x00, 0x00, 0x90, 0x01, 0x00, 0x00,
    0x00, 0x00, 0x00, 0x00, 0x00, 0x00, 0x00, 0x00, 0x54, 0x00, 0x61, 0x00, 0x68, 0x00, 0x6f, 0x00,
    0x6d, 0x00, 0x61, 0x00, 0x00, 0x00, 0x20, 0x00, 0x53, 0x00, 0x65, 0x00, 0x72, 0x00, 0x69, 0x00,
    0x66, 0x00, 0x00, 0x00, 0x6e, 0x00, 0x00, 0x00, 0xc8, 0x0b, 0x00, 0x00, 0x00, 0x00, 0x00, 0x00,
    0x08, 0x00, 0x00, 0x00, 0x06, 0x00, 0x00, 0x00, 0x18, 0x00, 0x00, 0x00, 0xff, 0xff, 0xff, 0xff,
    0xf0, 0x4b, 0x21, 0xfc, 0x00, 0xc4, 0xf0, 0x77, 0xf5, 0xff, 0xff, 0xff, 0x00, 0x00, 0x00, 0x00,
    0x00, 0x00, 0x00, 0x00, 0x00, 0x00, 0x00, 0x00, 0x90, 0x01, 0x00, 0x00, 0x00, 0x00, 0x00, 0x00,
    0x00, 0x00, 0x00, 0x00, 0x54, 0x00, 0x61, 0x00, 0x68, 0x00, 0x6f, 0x00, 0x6d, 0x00, 0x61, 0x00,
    0x00, 0x00, 0x20, 0x00, 0x53, 0x00, 0x65, 0x00, 0x72, 0x00, 0x69, 0x00, 0x66, 0x00, 0x00, 0x00,
    0x00, 0x00, 0x00, 0x00, 0x00, 0x00, 0x00, 0x00, 0x00, 0x00, 0x00, 0x00, 0xc0, 0x1d, 0x14, 0x00,
    0x0b, 0x00, 0x00, 0x00, 0x00, 0xff, 0x12, 0x00, 0x50, 0x00, 0x00, 0x00, 0xc0, 0xfe, 0x12, 0x00,
    0x0c, 0x10, 0x00, 0x01, 0xae, 0xa8, 0xd9, 0x02, 0x00, 0x00, 0x00, 0x02, 0x5a, 0x4e, 0xb1, 0x00,
    0x80, 0x80, 0x80, 0x00, 0xae, 0xa8, 0xd9, 0x00, 0xff, 0xff, 0xff, 0x02, 0x00, 0x00, 0x00, 0x02,
    0x00, 0x00, 0x00, 0x00, 0x00, 0x00, 0x00, 0x00, 0xff, 0xff, 0xff, 0x00, 0xae, 0xa8, 0xd9, 0x02,
    0xae, 0xa8, 0xd9, 0x02, 0x5a, 0x4e, 0xb1, 0x02, 0x5a, 0x4e, 0xb1, 0x00, 0xff, 0xff, 0xff, 0x00,
    0xae, 0xa8, 0xd9, 0x02, 0x5a, 0x4e, 0xb1, 0x02, 0x5a, 0x4e, 0xb1, 0x02, 0x00, 0x00, 0x00, 0x02,
    0xff, 0xff, 0xff, 0x00, 0xd8, 0xd5, 0xec, 0x02, 0x00, 0x00, 0x00, 0x02, 0xae, 0xa8, 0xd9, 0x02,
    0x00, 0x00, 0x00, 0x00, 0xff, 0xff, 0xff, 0x00, 0xc0, 0xc0, 0xc0, 0x00, 0x5a, 0x4e, 0xb1, 0x02,
    0xb6, 0x8f, 0xcb, 0x00, 0xb8, 0xb4, 0xd0, 0x00,
];
const SCHEME_LILAC_LARGE: &[u8] = &[
    0x02, 0x00, 0x00, 0x00, 0x03, 0x00, 0x00, 0x00, 0x01, 0x00, 0x00, 0x00, 0x0f, 0x00, 0x00, 0x00,
    0x0f, 0x00, 0x00, 0x00, 0x1d, 0x00, 0x00, 0x00, 0x1d, 0x00, 0x00, 0x00, 0xe9, 0xff, 0xff, 0xff,
    0x00, 0x00, 0x00, 0x00, 0x00, 0x00, 0x00, 0x00, 0x00, 0x00, 0x00, 0x00, 0xbc, 0x02, 0x00, 0x00,
    0x00, 0x00, 0x00, 0x00, 0x00, 0x00, 0x00, 0x00, 0x54, 0x00, 0x61, 0x00, 0x68, 0x00, 0x6f, 0x00,
    0x6d, 0x00, 0x61, 0x00, 0x00, 0x00, 0x65, 0x00, 0x77, 0x00, 0x20, 0x00, 0x52, 0x00, 0x6f, 0x00,
    0x6d, 0x00, 0x61, 0x00, 0x6e, 0x00, 0x00, 0x00, 0x00, 0x00, 0x00, 0x00, 0x00, 0x00, 0x78, 0x00,
    0x1c, 0x10, 0xfc, 0x7f, 0x22, 0x14, 0xfc, 0x7f, 0xb0, 0xfe, 0x12, 0x00, 0x00, 0x00, 0x00, 0x00,
    0x00, 0x00, 0x00, 0x00, 0x98, 0x23, 0xeb, 0x77, 0x15, 0x00, 0x00, 0x00, 0x15, 0x00, 0x00, 0x00,
    0xf0, 0xff, 0xff, 0xff, 0x00, 0x00, 0x00, 0x00, 0x00, 0x00, 0x00, 0x00, 0x00, 0x00, 0x00, 0x00,
    0xbc, 0x02, 0x00, 0x00, 0x00, 0x00, 0x00, 0x00, 0x00, 0x00, 0x00, 0x00, 0x54, 0x00, 0x61, 0x00,
    0x68, 0x00, 0x6f, 0x00, 0x6d, 0x00, 0x61, 0x00, 0x00, 0x00, 0x65, 0x00, 0x77, 0x00, 0x20, 0x00,
    0x52, 0x00, 0x6f, 0x00, 0x6d, 0x00, 0x61, 0x00, 0x6e, 0x00, 0x00, 0x00, 0x00, 0x00, 0x00, 0x00,
    0x00, 0x20, 0x14, 0x00, 0xac, 0xb9, 0xf0, 0x77, 0x00, 0x20, 0x14, 0x00, 0x00, 0x00, 0x00, 0x10,
    0x80, 0x05, 0x14, 0x00, 0xf0, 0x1f, 0x14, 0x00, 0x00, 0x00, 0x14, 0x00, 0x15, 0x00, 0x00, 0x00,
    0x15, 0x00, 0x00, 0x00, 0xf0, 0xff, 0xff, 0xff, 0x00, 0x00, 0x00, 0x00, 0x00, 0x00, 0x00, 0x00,
    0x00, 0x00, 0x00, 0x00, 0x90, 0x01, 0x00, 0x00, 0x00, 0x00, 0x00, 0x00, 0x00, 0x00, 0x00, 0x00,
    0x54, 0x00, 0x61, 0x00, 0x68, 0x00, 0x6f, 0x00, 0x6d, 0x00, 0x61, 0x00, 0x00, 0x00, 0x20, 0x00,
    0x53, 0x00, 0x65, 0x00, 0x72, 0x00, 0x69, 0x00, 0x66, 0x00, 0x00, 0x00, 0x6e, 0x00, 0x00, 0x00,
    0x00, 0x00, 0x00, 0x00, 0x00, 0x00, 0x00, 0x00, 0x80, 0x05, 0x14, 0x00, 0x88, 0xfb, 0xe8, 0x77,
    0x02, 0x02, 0x00, 0x00, 0xac, 0xb9, 0xf0, 0x77, 0x00, 0x00, 0x00, 0x00, 0x20, 0x00, 0x00, 0x00,
    0xf0, 0xff, 0xff, 0xff, 0x00, 0x00, 0x00, 0x00, 0x00, 0x00, 0x00, 0x00, 0x00, 0x00, 0x00, 0x00,
    0x90, 0x01, 0x00, 0x00, 0x00, 0x00, 0x00, 0x00, 0x00, 0x00, 0x00, 0x00, 0x54, 0x00, 0x61, 0x00,
    0x68, 0x00, 0x6f, 0x00, 0x6d, 0x00, 0x61, 0x00, 0x00, 0x00, 0x20, 0x00, 0x53, 0x00, 0x65, 0x00,
    0x72, 0x00, 0x69, 0x00, 0x66, 0x00, 0x00, 0x00, 0x6e, 0x00, 0x00, 0x00, 0xb4, 0xc0, 0xf0, 0x77,
    0x00, 0x00, 0x00, 0x00, 0x00, 0x00, 0x00, 0x00, 0x00, 0x00, 0x00, 0x00, 0x00, 0x00, 0x00, 0x00,
    0x00, 0x00, 0x00, 0x00, 0x7c, 0x6b, 0xe8, 0x77, 0x00, 0x00, 0x00, 0x00, 0xef, 0xff, 0xff, 0xff,
    0x00, 0x00, 0x00, 0x00, 0x00, 0x00, 0x00, 0x00, 0x00, 0x00, 0x00, 0x00, 0x90, 0x01, 0x00, 0x00,
    0x00, 0x00, 0x00, 0x00, 0x00, 0x00, 0x00, 0x00, 0x54, 0x00, 0x61, 0x00, 0x68, 0x00, 0x6f, 0x00,
    0x6d, 0x00, 0x61, 0x00, 0x00, 0x00, 0x20, 0x00, 0x53, 0x00, 0x65, 0x00, 0x72, 0x00, 0x69, 0x00,
    0x66, 0x00, 0x00, 0x00, 0x6e, 0x00, 0x00, 0x00, 0xc8, 0x0b, 0x00, 0x00, 0x00, 0x00, 0x00, 0x00,
    0x08, 0x00, 0x00, 0x00, 0x06, 0x00, 0x00, 0x00, 0x18, 0x00, 0x00, 0x00, 0xff, 0xff, 0xff, 0xff,
    0xf0, 0x4b, 0x21, 0xfc, 0x00, 0xc4, 0xf0, 0x77, 0xf0, 0xff, 0xff, 0xff, 0x00, 0x00, 0x00, 0x00,
    0x00, 0x00, 0x00, 0x00, 0x00, 0x00, 0x00, 0x00, 0x90, 0x01, 0x00, 0x00, 0x00, 0x00, 0x00, 0x00,
    0x00, 0x00, 0x00, 0x00, 0x54, 0x00, 0x61, 0x00, 0x68, 0x00, 0x6f, 0x00, 0x6d, 0x00, 0x61, 0x00,
    0x00, 0x00, 0x20, 0x00, 0x53, 0x00, 0x65, 0x00, 0x72, 0x00, 0x69, 0x00, 0x66, 0x00, 0x00, 0x00,
    0x00, 0x00, 0x00, 0x00, 0x00, 0x00, 0x00, 0x00, 0x00, 0x00, 0x00, 0x00, 0xc0, 0x1d, 0x14, 0x00,
    0x0b, 0x00, 0x00, 0x00, 0x00, 0xff, 0x12, 0x00, 0x50, 0x00, 0x00, 0x00, 0xc0, 0xfe, 0x12, 0x00,
    0x0c, 0x10, 0x00, 0x01, 0xae, 0xa8, 0xd9, 0x02, 0x00, 0x00, 0x00, 0x02, 0x5a, 0x4e, 0xb1, 0x00,
    0x80, 0x80, 0x80, 0x00, 0xae, 0xa8, 0xd9, 0x00, 0xff, 0xff, 0xff, 0x02, 0x00, 0x00, 0x00, 0x02,
    0x00, 0x00, 0x00, 0x00, 0x00, 0x00, 0x00, 0x00, 0xff, 0xff, 0xff, 0x00, 0xae, 0xa8, 0xd9, 0x02,
    0xae, 0xa8, 0xd9, 0x02, 0x5a, 0x4e, 0xb1, 0x02, 0x5a, 0x4e, 0xb1, 0x00, 0xff, 0xff, 0xff, 0x00,
    0xae, 0xa8, 0xd9, 0x02, 0x5a, 0x4e, 0xb1, 0x02, 0x5a, 0x4e, 0xb1, 0x02, 0x00, 0x00, 0x00, 0x02,
    0xff, 0xff, 0xff, 0x00, 0xd8, 0xd5, 0xec, 0x02, 0x00, 0x00, 0x00, 0x02, 0xae, 0xa8, 0xd9, 0x02,
    0x00, 0x00, 0x00, 0x00, 0xff, 0xff, 0xff, 0x00, 0xc0, 0xc0, 0xc0, 0x00, 0x5a, 0x4e, 0xb1, 0x02,
    0xb6, 0x8f, 0xcb, 0x00, 0xb8, 0xb4, 0xd0, 0x00,
];
const SCHEME_MAPLE: &[u8] = &[
    0x02, 0x00, 0x00, 0x00, 0x30, 0x9a, 0x08, 0x00, 0x01, 0x00, 0x00, 0x00, 0x0d, 0x00, 0x00, 0x00,
    0x0d, 0x00, 0x00, 0x00, 0x12, 0x00, 0x00, 0x00, 0x12, 0x00, 0x00, 0x00, 0xf5, 0xff, 0xff, 0xff,
    0x00, 0x00, 0x00, 0x00, 0x00, 0x00, 0x00, 0x00, 0x00, 0x00, 0x00, 0x00, 0xbc, 0x02, 0x00, 0x00,
    0x00, 0x00, 0x00, 0x00, 0x00, 0x00, 0x00, 0x00, 0x4d, 0x00, 0x69, 0x00, 0x63, 0x00, 0x72, 0x00,
    0x6f, 0x00, 0x73, 0x00, 0x6f, 0x00, 0x66, 0x00, 0x74, 0x00, 0x20, 0x00, 0x53, 0x00, 0x61, 0x00,
    0x6e, 0x00, 0x73, 0x00, 0x20, 0x00, 0x53, 0x00, 0x65, 0x00, 0x72, 0x00, 0x69, 0x00, 0x66, 0x00,
    0x00, 0x00, 0xfc, 0x7f, 0x22, 0x14, 0xfc, 0x7f, 0xb0, 0xfe, 0x12, 0x00, 0x00, 0x00, 0x00, 0x00,
    0x00, 0x00, 0x00, 0x00, 0x98, 0x23, 0xeb, 0x77, 0x0f, 0x00, 0x00, 0x00, 0x0f, 0x00, 0x00, 0x00,
    0xf5, 0xff, 0xff, 0xff, 0x00, 0x00, 0x00, 0x00, 0x00, 0x00, 0x00, 0x00, 0x00, 0x00, 0x00, 0x00,
    0x90, 0x01, 0x00, 0x00, 0x00, 0x00, 0x00, 0x00, 0x00, 0x00, 0x00, 0x00, 0x4d, 0x00, 0x69, 0x00,
    0x63, 0x00, 0x72, 0x00, 0x6f, 0x00, 0x73, 0x00, 0x6f, 0x00, 0x66, 0x00, 0x74, 0x00, 0x20, 0x00,
    0x53, 0x00, 0x61, 0x00, 0x6e, 0x00, 0x73, 0x00, 0x20, 0x00, 0x53, 0x00, 0x65, 0x00, 0x72, 0x00,
    0x69, 0x00, 0x66, 0x00, 0x00, 0x00, 0xf0, 0x77, 0x00, 0x20, 0x14, 0x00, 0x00, 0x00, 0x00, 0x10,
    0x80, 0x05, 0x14, 0x00, 0xf0, 0x1f, 0x14, 0x00, 0x00, 0x00, 0x14, 0x00, 0x12, 0x00, 0x00, 0x00,
    0x12, 0x00, 0x00, 0x00, 0xf5, 0xff, 0xff, 0xff, 0x00, 0x00, 0x00, 0x00, 0x00, 0x00, 0x00, 0x00,
    0x00, 0x00, 0x00, 0x00, 0x90, 0x01, 0x00, 0x00, 0x00, 0x00, 0x00, 0x00, 0x00, 0x00, 0x00, 0x00,
    0x4d, 0x00, 0x69, 0x00, 0x63, 0x00, 0x72, 0x00, 0x6f, 0x00, 0x73, 0x00, 0x6f, 0x00, 0x66, 0x00,
    0x74, 0x00, 0x20, 0x00, 0x53, 0x00, 0x61, 0x00, 0x6e, 0x00, 0x73, 0x00, 0x20, 0x00, 0x53, 0x00,
    0x65, 0x00, 0x72, 0x00, 0x69, 0x00, 0x66, 0x00, 0x00, 0x00, 0x14, 0x00, 0x88, 0xfb, 0xe8, 0x77,
    0x02, 0x02, 0x00, 0x00, 0xac, 0xb9, 0xf0, 0x77, 0x00, 0x00, 0x00, 0x00, 0x20, 0x00, 0x00, 0x00,
    0xf5, 0xff, 0xff, 0xff, 0x00, 0x00, 0x00, 0x00, 0x00, 0x00, 0x00, 0x00, 0x00, 0x00, 0x00, 0x00,
    0x90, 0x01, 0x00, 0x00, 0x00, 0x00, 0x00, 0x00, 0x00, 0x00, 0x00, 0x00, 0x4d, 0x00, 0x69, 0x00,
    0x63, 0x00, 0x72, 0x00, 0x6f, 0x00, 0x73, 0x00, 0x6f, 0x00, 0x66, 0x00, 0x74, 0x00, 0x20, 0x00,
    0x53, 0x00, 0x61, 0x00, 0x6e, 0x00, 0x73, 0x00, 0x20, 0x00, 0x53, 0x00, 0x65, 0x00, 0x72, 0x00,
    0x69, 0x00, 0x66, 0x00, 0x00, 0x00, 0x00, 0x00, 0x00, 0x00, 0x00, 0x00, 0x00, 0x00, 0x00, 0x00,
    0x00, 0x00, 0x00, 0x00, 0x7c, 0x6b, 0xe8, 0x77, 0x00, 0x00, 0x00, 0x00, 0xf5, 0xff, 0xff, 0xff,
    0x00, 0x00, 0x00, 0x00, 0x00, 0x00, 0x00, 0x00, 0x00, 0x00, 0x00, 0x00, 0x90, 0x01, 0x00, 0x00,
    0x00, 0x00, 0x00, 0x00, 0x00, 0x00, 0x00, 0x00, 0x4d, 0x00, 0x69, 0x00, 0x63, 0x00, 0x72, 0x00,
    0x6f, 0x00, 0x73, 0x00, 0x6f, 0x00, 0x66, 0x00, 0x74, 0x00, 0x20, 0x00, 0x53, 0x00, 0x61, 0x00,
    0x6e, 0x00, 0x73, 0x00, 0x20, 0x00, 0x53, 0x00, 0x65, 0x00, 0x72, 0x00, 0x69, 0x00, 0x66, 0x00,
    0x00, 0x00, 0x00, 0x00, 0x06, 0x00, 0x00, 0x00, 0x18, 0x00, 0x00, 0x00, 0xff, 0xff, 0xff, 0xff,
    0xf0, 0x4b, 0x21, 0xfc, 0x00, 0xc4, 0xf0, 0x77, 0xf5, 0xff, 0xff, 0xff, 0x00, 0x00, 0x00, 0x00,
    0x00, 0x00, 0x00, 0x00, 0x00, 0x00, 0x00, 0x00, 0x90, 0x01, 0x00, 0x00, 0x00, 0x00, 0x00, 0x00,
    0x00, 0x00, 0x00, 0x00, 0x4d, 0x00, 0x69, 0x00, 0x63, 0x00, 0x72, 0x00, 0x6f, 0x00, 0x73, 0x00,
    0x6f, 0x00, 0x66, 0x00, 0x74, 0x00, 0x20, 0x00, 0x53, 0x00, 0x61, 0x00, 0x6e, 0x00, 0x73, 0x00,
    0x20, 0x00, 0x53, 0x00, 0x65, 0x00, 0x72, 0x00, 0x69, 0x00, 0x66, 0x00, 0x00, 0x00, 0x14, 0x00,
    0x0b, 0x00, 0x00, 0x00, 0x00, 0xff, 0x12, 0x00, 0x50, 0x00, 0x00, 0x00, 0xc0, 0xfe, 0x12, 0x00,
    0x0c, 0x10, 0x00, 0x01, 0xf2, 0xec, 0xd7, 0x02, 0x00, 0x00, 0x00, 0x02, 0x80, 0x00, 0x00, 0x00,
    0xc6, 0xa6, 0x46, 0x00, 0xe6, 0xd8, 0xae, 0x00, 0xff, 0xff, 0xff, 0x02, 0x00, 0x00, 0x00, 0x02,
    0x00, 0x00, 0x00, 0x00, 0x00, 0x00, 0x00, 0x00, 0xff, 0xff, 0xff, 0x00, 0xe6, 0xd8, 0xae, 0x02,
    0xe6, 0xd8, 0xae, 0x02, 0xc6, 0xa6, 0x46, 0x02, 0xc6, 0xa6, 0x46, 0x00, 0x00, 0x00, 0x00, 0x00,
    0xe6, 0xd8, 0xae, 0x02, 0xc6, 0xa6, 0x46, 0x02, 0xc6, 0xa6, 0x46, 0x02, 0x00, 0x00, 0x00, 0x02,
    0xf2, 0xec, 0xd7, 0x00, 0xf2, 0xec, 0xd7, 0x02, 0x00, 0x00, 0x00, 0x02, 0xe6, 0xd8, 0xae, 0x02,
    0x00, 0x00, 0x00, 0x00, 0xff, 0xff, 0xff, 0x00, 0xc0, 0xc0, 0xc0, 0x02, 0xc6, 0xa6, 0x46, 0x02,
    0xc0, 0x9c, 0x38, 0x00, 0xe0, 0xc8, 0x88, 0x00,
];
const SCHEME_MARINE_HIGH_COLOR: &[u8] = &[
    0x02, 0x00, 0x00, 0x00, 0x03, 0x00, 0x00, 0x00, 0x01, 0x00, 0x00, 0x00, 0x0d, 0x00, 0x00, 0x00,
    0x0d, 0x00, 0x00, 0x00, 0x12, 0x00, 0x00, 0x00, 0x12, 0x00, 0x00, 0x00, 0xf5, 0xff, 0xff, 0xff,
    0x00, 0x00, 0x00, 0x00, 0x00, 0x00, 0x00, 0x00, 0x00, 0x00, 0x00, 0x00, 0xbc, 0x02, 0x00, 0x00,
    0x00, 0x00, 0x00, 0x00, 0x00, 0x00, 0x00, 0x00, 0x4d, 0x00, 0x69, 0x00, 0x63, 0x00, 0x72, 0x00,
    0x6f, 0x00, 0x73, 0x00, 0x6f, 0x00, 0x66, 0x00, 0x74, 0x00, 0x20, 0x00, 0x53, 0x00, 0x61, 0x00,
    0x6e, 0x00, 0x73, 0x00, 0x20, 0x00, 0x53, 0x00, 0x65, 0x00, 0x72, 0x00, 0x69, 0x00, 0x66, 0x00,
    0x00, 0x00, 0xfc, 0x7f, 0x22, 0x14, 0xfc, 0x7f, 0xb0, 0xfe, 0x12, 0x00, 0x00, 0x00, 0x00, 0x00,
    0x00, 0x00, 0x00, 0x00, 0x98, 0x23, 0xeb, 0x77, 0x0d, 0x00, 0x00, 0x00, 0x0d, 0x00, 0x00, 0x00,
    0xf7, 0xff, 0xff, 0xff, 0x00, 0x00, 0x00, 0x00, 0x00, 0x00, 0x00, 0x00, 0x00, 0x00, 0x00, 0x00,
    0xbc, 0x02, 0x00, 0x00, 0x00, 0x00, 0x00, 0x00, 0x00, 0x00, 0x00, 0x00, 0x53, 0x00, 0x6d, 0x00,
    0x61, 0x00, 0x6c, 0x00, 0x6c, 0x00, 0x20, 0x00, 0x46, 0x00, 0x6f, 0x00, 0x6e, 0x00, 0x74, 0x00,
    0x73, 0x00, 0x00, 0x00, 0x66, 0x00, 0x00, 0x00, 0x6e, 0x00, 0x00, 0x00, 0x00, 0x00, 0x00, 0x00,
    0x00, 0x20, 0x14, 0x00, 0xac, 0xb9, 0xf0, 0x77, 0x00, 0x20, 0x14, 0x00, 0x00, 0x00, 0x00, 0x10,
    0x80, 0x05, 0x14, 0x00, 0xf0, 0x1f, 0x14, 0x00, 0x00, 0x00, 0x14, 0x00, 0x12, 0x00, 0x00, 0x00,
    0x12, 0x00, 0x00, 0x00, 0xf5, 0xff, 0xff, 0xff, 0x00, 0x00, 0x00, 0x00, 0x00, 0x00, 0x00, 0x00,
    0x00, 0x00, 0x00, 0x00, 0x90, 0x01, 0x00, 0x00, 0x00, 0x00, 0x00, 0x00, 0x00, 0x00, 0x00, 0x00,
    0x4d, 0x00, 0x69, 0x00, 0x63, 0x00, 0x72, 0x00, 0x6f, 0x00, 0x73, 0x00, 0x6f, 0x00, 0x66, 0x00,
    0x74, 0x00, 0x20, 0x00, 0x53, 0x00, 0x61, 0x00, 0x6e, 0x00, 0x73, 0x00, 0x20, 0x00, 0x53, 0x00,
    0x65, 0x00, 0x72, 0x00, 0x69, 0x00, 0x66, 0x00, 0x00, 0x00, 0x14, 0x00, 0x88, 0xfb, 0xe8, 0x77,
    0x02, 0x02, 0x00, 0x00, 0xac, 0xb9, 0xf0, 0x77, 0x00, 0x00, 0x00, 0x00, 0x20, 0x00, 0x00, 0x00,
    0xf5, 0xff, 0xff, 0xff, 0x00, 0x00, 0x00, 0x00, 0x00, 0x00, 0x00, 0x00, 0x00, 0x00, 0x00, 0x00,
    0x90, 0x01, 0x00, 0x00, 0x00, 0x00, 0x00, 0x00, 0x00, 0x00, 0x00, 0x00, 0x4d, 0x00, 0x69, 0x00,
    0x63, 0x00, 0x72, 0x00, 0x6f, 0x00, 0x73, 0x00, 0x6f, 0x00, 0x66, 0x00, 0x74, 0x00, 0x20, 0x00,
    0x53, 0x00, 0x61, 0x00, 0x6e, 0x00, 0x73, 0x00, 0x20, 0x00, 0x53, 0x00, 0x65, 0x00, 0x72, 0x00,
    0x69, 0x00, 0x66, 0x00, 0x00, 0x00, 0x00, 0x00, 0x00, 0x00, 0x00, 0x00, 0x00, 0x00, 0x00, 0x00,
    0x00, 0x00, 0x00, 0x00, 0x7c, 0x6b, 0xe8, 0x77, 0x00, 0x00, 0x00, 0x00, 0xf5, 0xff, 0xff, 0xff,
    0x00, 0x00, 0x00, 0x00, 0x00, 0x00, 0x00, 0x00, 0x00, 0x00, 0x00, 0x00, 0x90, 0x01, 0x00, 0x00,
    0x00, 0x00, 0x00, 0x00, 0x00, 0x00, 0x00, 0x00, 0x4d, 0x00, 0x69, 0x00, 0x63, 0x00, 0x72, 0x00,
    0x6f, 0x00, 0x73, 0x00, 0x6f, 0x00, 0x66, 0x00, 0x74, 0x00, 0x20, 0x00, 0x53, 0x00, 0x61, 0x00,
    0x6e, 0x00, 0x73, 0x00, 0x20, 0x00, 0x53, 0x00, 0x65, 0x00, 0x72, 0x00, 0x69, 0x00, 0x66, 0x00,
    0x00, 0x00, 0x00, 0x00, 0x06, 0x00, 0x00, 0x00, 0x18, 0x00, 0x00, 0x00, 0xff, 0xff, 0xff, 0xff,
    0xf0, 0x4b, 0x21, 0xfc, 0x00, 0xc4, 0xf0, 0x77, 0xf5, 0xff, 0xff, 0xff, 0x00, 0x00, 0x00, 0x00,
    0x00, 0x00, 0x00, 0x00, 0x00, 0x00, 0x00, 0x00, 0x90, 0x01, 0x00, 0x00, 0x00, 0x00, 0x00, 0x00,
    0x00, 0x00, 0x00, 0x00, 0x4d, 0x00, 0x69, 0x00, 0x63, 0x00, 0x72, 0x00, 0x6f, 0x00, 0x73, 0x00,
    0x6f, 0x00, 0x66, 0x00, 0x74, 0x00, 0x20, 0x00, 0x53, 0x00, 0x61, 0x00, 0x6e, 0x00, 0x73, 0x00,
    0x20, 0x00, 0x53, 0x00, 0x65, 0x00, 0x72, 0x00, 0x69, 0x00, 0x66, 0x00, 0x00, 0x00, 0x14, 0x00,
    0x0b, 0x00, 0x00, 0x00, 0x00, 0xff, 0x12, 0x00, 0x50, 0x00, 0x00, 0x00, 0xc0, 0xfe, 0x12, 0x00,
    0x0c, 0x10, 0x00, 0x01, 0xc8, 0xe0, 0xd8, 0x02, 0x2c, 0x4e, 0x47, 0x00, 0x00, 0x00, 0x80, 0x00,
    0x48, 0x90, 0x88, 0x00, 0x88, 0xc0, 0xb8, 0x00, 0xc8, 0xe0, 0xd8, 0x02, 0x00, 0x00, 0x00, 0x02,
    0x00, 0x00, 0x00, 0x00, 0x00, 0x00, 0x00, 0x00, 0xff, 0xff, 0xff, 0x00, 0x88, 0xc0, 0xb8, 0x02,
    0x88, 0xc0, 0xb8, 0x02, 0x4b, 0x8d, 0x84, 0x00, 0x00, 0x00, 0x80, 0x00, 0xff, 0xff, 0xff, 0x00,
    0x88, 0xc0, 0xb8, 0x02, 0x48, 0x90, 0x88, 0x02, 0x48, 0x90, 0x88, 0x02, 0x00, 0x00, 0x00, 0x02,
    0xc0, 0xc0, 0xc0, 0x00, 0xc8, 0xe0, 0xd8, 0x02, 0x00, 0x00, 0x00, 0x02, 0x88, 0xc0, 0xb8, 0x02,
    0x00, 0x00, 0x00, 0x00, 0xc8, 0xe0, 0xd8, 0x00, 0xc0, 0xc0, 0xc0, 0x00, 0x00, 0x00, 0x80, 0x02,
    0x18, 0xb4, 0xc0, 0x00, 0x78, 0xcc, 0xd8, 0x00,
];
const SCHEME_PLUM_HIGH_COLOR: &[u8] = &[
    0x02, 0x00, 0x00, 0x00, 0x03, 0x00, 0x00, 0x00, 0x01, 0x00, 0x00, 0x00, 0x0d, 0x00, 0x00, 0x00,
    0x0d, 0x00, 0x00, 0x00, 0x12, 0x00, 0x00, 0x00, 0x12, 0x00, 0x00, 0x00, 0xf5, 0xff, 0xff, 0xff,
    0x00, 0x00, 0x00, 0x00, 0x00, 0x00, 0x00, 0x00, 0x00, 0x00, 0x00, 0x00, 0xbc, 0x02, 0x00, 0x00,
    0x00, 0x00, 0x00, 0x00, 0x00, 0x00, 0x00, 0x00, 0x4d, 0x00, 0x69, 0x00, 0x63, 0x00, 0x72, 0x00,
    0x6f, 0x00, 0x73, 0x00, 0x6f, 0x00, 0x66, 0x00, 0x74, 0x00, 0x20, 0x00, 0x53, 0x00, 0x61, 0x00,
    0x6e, 0x00, 0x73, 0x00, 0x20, 0x00, 0x53, 0x00, 0x65, 0x00, 0x72, 0x00, 0x69, 0x00, 0x66, 0x00,
    0x00, 0x00, 0xfc, 0x7f, 0x22, 0x14, 0xfc, 0x7f, 0xb0, 0xfe, 0x12, 0x00, 0x00, 0x00, 0x00, 0x00,
    0x00, 0x00, 0x00, 0x00, 0x98, 0x23, 0xeb, 0x77, 0x0f, 0x00, 0x00, 0x00, 0x0f, 0x00, 0x00, 0x00,
    0xf5, 0xff, 0xff, 0xff, 0x00, 0x00, 0x00, 0x00, 0x00, 0x00, 0x00, 0x00, 0x00, 0x00, 0x00, 0x00,
    0x90, 0x01, 0x00, 0x00, 0x00, 0x00, 0x00, 0x00, 0x00, 0x00, 0x00, 0x00, 0x4d, 0x00, 0x69, 0x00,
    0x63, 0x00, 0x72, 0x00, 0x6f, 0x00, 0x73, 0x00, 0x6f, 0x00, 0x66, 0x00, 0x74, 0x00, 0x20, 0x00,
    0x53, 0x00, 0x61, 0x00, 0x6e, 0x00, 0x73, 0x00, 0x20, 0x00, 0x53, 0x00, 0x65, 0x00, 0x72, 0x00,
    0x69, 0x00, 0x66, 0x00, 0x00, 0x00, 0xf0, 0x77, 0x00, 0x20, 0x14, 0x00, 0x00, 0x00, 0x00, 0x10,
    0x80, 0x05, 0x14, 0x00, 0xf0, 0x1f, 0x14, 0x00, 0x00, 0x00, 0x14, 0x00, 0x12, 0x00, 0x00, 0x00,
    0x12, 0x00, 0x00, 0x00, 0xf5, 0xff, 0xff, 0xff, 0x00, 0x00, 0x00, 0x00, 0x00, 0x00, 0x00, 0x00,
    0x00, 0x00, 0x00, 0x00, 0x90, 0x01, 0x00, 0x00, 0x00, 0x00, 0x00, 0x00, 0x00, 0x00, 0x00, 0x00,
    0x4d, 0x00, 0x69, 0x00, 0x63, 0x00, 0x72, 0x00, 0x6f, 0x00, 0x73, 0x00, 0x6f, 0x00, 0x66, 0x00,
    0x74, 0x00, 0x20, 0x00, 0x53, 0x00, 0x61, 0x00, 0x6e, 0x00, 0x73, 0x00, 0x20, 0x00, 0x53, 0x00,
    0x65, 0x00, 0x72, 0x00, 0x69, 0x00, 0x66, 0x00, 0x00, 0x00, 0x14, 0x00, 0x88, 0xfb, 0xe8, 0x77,
    0x02, 0x02, 0x00, 0x00, 0xac, 0xb9, 0xf0, 0x77, 0x00, 0x00, 0x00, 0x00, 0x20, 0x00, 0x00, 0x00,
    0xf5, 0xff, 0xff, 0xff, 0x00, 0x00, 0x00, 0x00, 0x00, 0x00, 0x00, 0x00, 0x00, 0x00, 0x00, 0x00,
    0x90, 0x01, 0x00, 0x00, 0x00, 0x00, 0x00, 0x00, 0x00, 0x00, 0x00, 0x00, 0x4d, 0x00, 0x69, 0x00,
    0x63, 0x00, 0x72, 0x00, 0x6f, 0x00, 0x73, 0x00, 0x6f, 0x00, 0x66, 0x00, 0x74, 0x00, 0x20, 0x00,
    0x53, 0x00, 0x61, 0x00, 0x6e, 0x00, 0x73, 0x00, 0x20, 0x00, 0x53, 0x00, 0x65, 0x00, 0x72, 0x00,
    0x69, 0x00, 0x66, 0x00, 0x00, 0x00, 0x00, 0x00, 0x00, 0x00, 0x00, 0x00, 0x00, 0x00, 0x00, 0x00,
    0x00, 0x00, 0x00, 0x00, 0x7c, 0x6b, 0xe8, 0x77, 0x00, 0x00, 0x00, 0x00, 0xf5, 0xff, 0xff, 0xff,
    0x00, 0x00, 0x00, 0x00, 0x00, 0x00, 0x00, 0x00, 0x00, 0x00, 0x00, 0x00, 0x90, 0x01, 0x00, 0x00,
    0x00, 0x00, 0x00, 0x00, 0x00, 0x00, 0x00, 0x00, 0x4d, 0x00, 0x69, 0x00, 0x63, 0x00, 0x72, 0x00,
    0x6f, 0x00, 0x73, 0x00, 0x6f, 0x00, 0x66, 0x00, 0x74, 0x00, 0x20, 0x00, 0x53, 0x00, 0x61, 0x00,
    0x6e, 0x00, 0x73, 0x00, 0x20, 0x00, 0x53, 0x00, 0x65, 0x00, 0x72, 0x00, 0x69, 0x00, 0x66, 0x00,
    0x00, 0x00, 0x00, 0x00, 0x06, 0x00, 0x00, 0x00, 0x18, 0x00, 0x00, 0x00, 0xff, 0xff, 0xff, 0xff,
    0xf0, 0x4b, 0x21, 0xfc, 0x00, 0xc4, 0xf0, 0x77, 0xf5, 0xff, 0xff, 0xff, 0x00, 0x00, 0x00, 0x00,
    0x00, 0x00, 0x00, 0x00, 0x00, 0x00, 0x00, 0x00, 0x90, 0x01, 0x00, 0x00, 0x00, 0x00, 0x00, 0x00,
    0x00, 0x00, 0x00, 0x00, 0x4d, 0x00, 0x69, 0x00, 0x63, 0x00, 0x72, 0x00, 0x6f, 0x00, 0x73, 0x00,
    0x6f, 0x00, 0x66, 0x00, 0x74, 0x00, 0x20, 0x00, 0x53, 0x00, 0x61, 0x00, 0x6e, 0x00, 0x73, 0x00,
    0x20, 0x00, 0x53, 0x00, 0x65, 0x00, 0x72, 0x00, 0x69, 0x00, 0x66, 0x00, 0x00, 0x00, 0x14, 0x00,
    0x0b, 0x00, 0x00, 0x00, 0x00, 0xff, 0x12, 0x00, 0x50, 0x00, 0x00, 0x00, 0xc0, 0xfe, 0x12, 0x00,
    0x0c, 0x10, 0x00, 0x01, 0xd8, 0xd0, 0xc8, 0x00, 0x40, 0x28, 0x40, 0x00, 0x48, 0x40, 0x60, 0x00,
    0x78, 0x60, 0x58, 0x00, 0xa8, 0x98, 0x90, 0x00, 0xd8, 0xd0, 0xc8, 0x00, 0x00, 0x00, 0x00, 0x00,
    0x00, 0x00, 0x00, 0x00, 0x00, 0x00, 0x00, 0x00, 0xff, 0xff, 0xff, 0x00, 0xa8, 0x98, 0x90, 0x00,
    0xa8, 0x98, 0x90, 0x00, 0x74, 0x63, 0x5a, 0x00, 0x00, 0x80, 0x80, 0x00, 0xd8, 0xd0, 0xc8, 0x00,
    0xa8, 0x98, 0x90, 0x00, 0x78, 0x60, 0x58, 0x00, 0x78, 0x60, 0x58, 0x00, 0x00, 0x00, 0x00, 0x00,
    0xa8, 0x98, 0x90, 0x00, 0xd8, 0xd0, 0xc8, 0x00, 0x00, 0x00, 0x00, 0x00, 0xa8, 0x98, 0x90, 0x00,
    0x30, 0x00, 0x58, 0x00, 0xd5, 0xcc, 0xc8, 0x00, 0xc0, 0xc0, 0xc0, 0x00, 0x48, 0x40, 0x60, 0x00,
    0xa0, 0x84, 0xb8, 0x00, 0xa8, 0x98, 0x78, 0x00,
];
const SCHEME_PUMPKIN_LARGE: &[u8] = &[
    0x02, 0x00, 0x00, 0x00, 0x03, 0x00, 0x00, 0x00, 0x01, 0x00, 0x00, 0x00, 0x15, 0x00, 0x00, 0x00,
    0x15, 0x00, 0x00, 0x00, 0x1a, 0x00, 0x00, 0x00, 0x1a, 0x00, 0x00, 0x00, 0xed, 0xff, 0xff, 0xff,
    0x00, 0x00, 0x00, 0x00, 0x00, 0x00, 0x00, 0x00, 0x00, 0x00, 0x00, 0x00, 0xbc, 0x02, 0x00, 0x00,
    0x00, 0x00, 0x00, 0x00, 0x00, 0x00, 0x00, 0x00, 0x4d, 0x00, 0x69, 0x00, 0x63, 0x00, 0x72, 0x00,
    0x6f, 0x00, 0x73, 0x00, 0x6f, 0x00, 0x66, 0x00, 0x74, 0x00, 0x20, 0x00, 0x53, 0x00, 0x61, 0x00,
    0x6e, 0x00, 0x73, 0x00, 0x20, 0x00, 0x53, 0x00, 0x65, 0x00, 0x72, 0x00, 0x69, 0x00, 0x66, 0x00,
    0x00, 0x00, 0xfc, 0x7f, 0x22, 0x14, 0xfc, 0x7f, 0xb0, 0xfe, 0x12, 0x00, 0x00, 0x00, 0x00, 0x00,
    0x00, 0x00, 0x00, 0x00, 0x98, 0x23, 0xeb, 0x77, 0x16, 0x00, 0x00, 0x00, 0x16, 0x00, 0x00, 0x00,
    0xf0, 0xff, 0xff, 0xff, 0x00, 0x00, 0x00, 0x00, 0x00, 0x00, 0x00, 0x00, 0x00, 0x00, 0x00, 0x00,
    0xbc, 0x02, 0x00, 0x00, 0x00, 0x00, 0x00, 0x00, 0x00, 0x00, 0x00, 0x00, 0x4d, 0x00, 0x69, 0x00,
    0x63, 0x00, 0x72, 0x00, 0x6f, 0x00, 0x73, 0x00, 0x6f, 0x00, 0x66, 0x00, 0x74, 0x00, 0x20, 0x00,
    0x53, 0x00, 0x61, 0x00, 0x6e, 0x00, 0x73, 0x00, 0x20, 0x00, 0x53, 0x00, 0x65, 0x00, 0x72, 0x00,
    0x69, 0x00, 0x66, 0x00, 0x00, 0x00, 0xf0, 0x77, 0x00, 0x20, 0x14, 0x00, 0x00, 0x00, 0x00, 0x10,
    0x80, 0x05, 0x14, 0x00, 0xf0, 0x1f, 0x14, 0x00, 0x00, 0x00, 0x14, 0x00, 0x16, 0x00, 0x00, 0x00,
    0x16, 0x00, 0x00, 0x00, 0xf0, 0xff, 0xff, 0xff, 0x00, 0x00, 0x00, 0x00, 0x00, 0x00, 0x00, 0x00,
    0x00, 0x00, 0x00, 0x00, 0x90, 0x01, 0x00, 0x00, 0x00, 0x00, 0x00, 0x00, 0x00, 0x00, 0x00, 0x00,
    0x4d, 0x00, 0x69, 0x00, 0x63, 0x00, 0x72, 0x00, 0x6f, 0x00, 0x73, 0x00, 0x6f, 0x00, 0x66, 0x00,
    0x74, 0x00, 0x20, 0x00, 0x53, 0x00, 0x61, 0x00, 0x6e, 0x00, 0x73, 0x00, 0x20, 0x00, 0x53, 0x00,
    0x65, 0x00, 0x72, 0x00, 0x69, 0x00, 0x66, 0x00, 0x00, 0x00, 0x14, 0x00, 0x88, 0xfb, 0xe8, 0x77,
    0x02, 0x02, 0x00, 0x00, 0xac, 0xb9, 0xf0, 0x77, 0x00, 0x00, 0x00, 0x00, 0x20, 0x00, 0x00, 0x00,
    0xf3, 0xff, 0xff, 0xff, 0x00, 0x00, 0x00, 0x00, 0x00, 0x00, 0x00, 0x00, 0x00, 0x00, 0x00, 0x00,
    0x90, 0x01, 0x00, 0x00, 0x00, 0x00, 0x00, 0x00, 0x00, 0x00, 0x00, 0x00, 0x4d, 0x00, 0x69, 0x00,
    0x63, 0x00, 0x72, 0x00, 0x6f, 0x00, 0x73, 0x00, 0x6f, 0x00, 0x66, 0x00, 0x74, 0x00, 0x20, 0x00,
    0x53, 0x00, 0x61, 0x00, 0x6e, 0x00, 0x73, 0x00, 0x20, 0x00, 0x53, 0x00, 0x65, 0x00, 0x72, 0x00,
    0x69, 0x00, 0x66, 0x00, 0x00, 0x00, 0x00, 0x00, 0x00, 0x00, 0x00, 0x00, 0x00, 0x00, 0x00, 0x00,
    0x00, 0x00, 0x00, 0x00, 0x7c, 0x6b, 0xe8, 0x77, 0x00, 0x00, 0x00, 0x00, 0xf0, 0xff, 0xff, 0xff,
    0x00, 0x00, 0x00, 0x00, 0x00, 0x00, 0x00, 0x00, 0x00, 0x00, 0x00, 0x00, 0x90, 0x01, 0x00, 0x00,
    0x00, 0x00, 0x00, 0x00, 0x00, 0x00, 0x00, 0x00, 0x4d, 0x00, 0x69, 0x00, 0x63, 0x00, 0x72, 0x00,
    0x6f, 0x00, 0x73, 0x00, 0x6f, 0x00, 0x66, 0x00, 0x74, 0x00, 0x20, 0x00, 0x53, 0x00, 0x61, 0x00,
    0x6e, 0x00, 0x73, 0x00, 0x20, 0x00, 0x53, 0x00, 0x65, 0x00, 0x72, 0x00, 0x69, 0x00, 0x66, 0x00,
    0x00, 0x00, 0x00, 0x00, 0x06, 0x00, 0x00, 0x00, 0x18, 0x00, 0x00, 0x00, 0xff, 0xff, 0xff, 0xff,
    0xf0, 0x4b, 0x21, 0xfc, 0x00, 0xc4, 0xf0, 0x77, 0xf0, 0xff, 0xff, 0xff, 0x00, 0x00, 0x00, 0x00,
    0x00, 0x00, 0x00, 0x00, 0x00, 0x00, 0x00, 0x00, 0x90, 0x01, 0x00, 0x00, 0x00, 0x00, 0x00, 0x00,
    0x00, 0x00, 0x00, 0x00, 0x4d, 0x00, 0x69, 0x00, 0x63, 0x00, 0x72, 0x00, 0x6f, 0x00, 0x73, 0x00,
    0x6f, 0x00, 0x66, 0x00, 0x74, 0x00, 0x20, 0x00, 0x53, 0x00, 0x61, 0x00, 0x6e, 0x00, 0x73, 0x00,
    0x20, 0x00, 0x53, 0x00, 0x65, 0x00, 0x72, 0x00, 0x69, 0x00, 0x66, 0x00, 0x00, 0x00, 0x14, 0x00,
    0x0b, 0x00, 0x00, 0x00, 0x00, 0xff, 0x12, 0x00, 0x50, 0x00, 0x00, 0x00, 0xc0, 0xfe, 0x12, 0x00,
    0x0c, 0x10, 0x00, 0x01, 0xf5, 0xea, 0xcf, 0x02, 0x42, 0x00, 0x42, 0x00, 0xd7, 0xa5, 0x2f, 0x00,
    0xa0, 0xa0, 0xa4, 0x00, 0xec, 0xd5, 0x9d, 0x00, 0xff, 0xff, 0xff, 0x02, 0x00, 0x00, 0x00, 0x02,
    0x00, 0x00, 0x00, 0x00, 0x00, 0x00, 0x00, 0x00, 0xff, 0xff, 0xff, 0x00, 0xec, 0xd5, 0x9d, 0x02,
    0xec, 0xd5, 0x9d, 0x02, 0xf5, 0xea, 0xcf, 0x02, 0x80, 0x00, 0x80, 0x00, 0xff, 0xff, 0xff, 0x00,
    0xec, 0xd5, 0x9d, 0x02, 0xd7, 0xa5, 0x2f, 0x02, 0xd7, 0xa5, 0x2f, 0x02, 0x00, 0x00, 0x00, 0x02,
    0xf5, 0xea, 0xcf, 0x00, 0xf5, 0xea, 0xcf, 0x02, 0x00, 0x00, 0x00, 0x02, 0xec, 0xd5, 0x9d, 0x02,
    0x80, 0x00, 0x80, 0x00, 0xff, 0xff, 0xff, 0x00, 0xc0, 0xc0, 0xc0, 0x00, 0xd7, 0xa5, 0x2f, 0x02,
    0xe0, 0xcc, 0x88, 0x00, 0xd0, 0xcc, 0x90, 0x00,
];
const SCHEME_RAINY_DAY: &[u8] = &[
    0x02, 0x00, 0x00, 0x00, 0x03, 0x00, 0x00, 0x00, 0x01, 0x00, 0x00, 0x00, 0x0d, 0x00, 0x00, 0x00,
    0x0d, 0x00, 0x00, 0x00, 0x12, 0x00, 0x00, 0x00, 0x12, 0x00, 0x00, 0x00, 0xf5, 0xff, 0xff, 0xff,
    0x00, 0x00, 0x00, 0x00, 0x00, 0x00, 0x00, 0x00, 0x00, 0x00, 0x00, 0x00, 0xbc, 0x02, 0x00, 0x00,
    0x00, 0x00, 0x00, 0x00, 0x00, 0x00, 0x00, 0x00, 0x4d, 0x00, 0x69, 0x00, 0x63, 0x00, 0x72, 0x00,
    0x6f, 0x00, 0x73, 0x00, 0x6f, 0x00, 0x66, 0x00, 0x74, 0x00, 0x20, 0x00, 0x53, 0x00, 0x61, 0x00,
    0x6e, 0x00, 0x73, 0x00, 0x20, 0x00, 0x53, 0x00, 0x65, 0x00, 0x72, 0x00, 0x69, 0x00, 0x66, 0x00,
    0x00, 0x00, 0xfc, 0x7f, 0x22, 0x14, 0xfc, 0x7f, 0xb0, 0xfe, 0x12, 0x00, 0x00, 0x00, 0x00, 0x00,
    0x00, 0x00, 0x00, 0x00, 0x98, 0x23, 0xeb, 0x77, 0x0f, 0x00, 0x00, 0x00, 0x0f, 0x00, 0x00, 0x00,
    0xf5, 0xff, 0xff, 0xff, 0x00, 0x00, 0x00, 0x00, 0x00, 0x00, 0x00, 0x00, 0x00, 0x00, 0x00, 0x00,
    0x90, 0x01, 0x00, 0x00, 0x00, 0x00, 0x00, 0x00, 0x00, 0x00, 0x00, 0x00, 0x4d, 0x00, 0x69, 0x00,
    0x63, 0x00, 0x72, 0x00, 0x6f, 0x00, 0x73, 0x00, 0x6f, 0x00, 0x66, 0x00, 0x74, 0x00, 0x20, 0x00,
    0x53, 0x00, 0x61, 0x00, 0x6e, 0x00, 0x73, 0x00, 0x20, 0x00, 0x53, 0x00, 0x65, 0x00, 0x72, 0x00,
    0x69, 0x00, 0x66, 0x00, 0x00, 0x00, 0xf0, 0x77, 0x00, 0x20, 0x14, 0x00, 0x00, 0x00, 0x00, 0x10,
    0x80, 0x05, 0x14, 0x00, 0xf0, 0x1f, 0x14, 0x00, 0x00, 0x00, 0x14, 0x00, 0x12, 0x00, 0x00, 0x00,
    0x12, 0x00, 0x00, 0x00, 0xf5, 0xff, 0xff, 0xff, 0x00, 0x00, 0x00, 0x00, 0x00, 0x00, 0x00, 0x00,
    0x00, 0x00, 0x00, 0x00, 0x90, 0x01, 0x00, 0x00, 0x00, 0x00, 0x00, 0x00, 0x00, 0x00, 0x00, 0x00,
    0x4d, 0x00, 0x69, 0x00, 0x63, 0x00, 0x72, 0x00, 0x6f, 0x00, 0x73, 0x00, 0x6f, 0x00, 0x66, 0x00,
    0x74, 0x00, 0x20, 0x00, 0x53, 0x00, 0x61, 0x00, 0x6e, 0x00, 0x73, 0x00, 0x20, 0x00, 0x53, 0x00,
    0x65, 0x00, 0x72, 0x00, 0x69, 0x00, 0x66, 0x00, 0x00, 0x00, 0x14, 0x00, 0x88, 0xfb, 0xe8, 0x77,
    0x02, 0x02, 0x00, 0x00, 0xac, 0xb9, 0xf0, 0x77, 0x00, 0x00, 0x00, 0x00, 0x20, 0x00, 0x00, 0x00,
    0xf5, 0xff, 0xff, 0xff, 0x00, 0x00, 0x00, 0x00, 0x00, 0x00, 0x00, 0x00, 0x00, 0x00, 0x00, 0x00,
    0x90, 0x01, 0x00, 0x00, 0x00, 0x00, 0x00, 0x00, 0x00, 0x00, 0x00, 0x00, 0x4d, 0x00, 0x69, 0x00,
    0x63, 0x00, 0x72, 0x00, 0x6f, 0x00, 0x73, 0x00, 0x6f, 0x00, 0x66, 0x00, 0x74, 0x00, 0x20, 0x00,
    0x53, 0x00, 0x61, 0x00, 0x6e, 0x00, 0x73, 0x00, 0x20, 0x00, 0x53, 0x00, 0x65, 0x00, 0x72, 0x00,
    0x69, 0x00, 0x66, 0x00, 0x00, 0x00, 0x00, 0x00, 0x00, 0x00, 0x00, 0x00, 0x00, 0x00, 0x00, 0x00,
    0x00, 0x00, 0x00, 0x00, 0x7c, 0x6b, 0xe8, 0x77, 0x00, 0x00, 0x00, 0x00, 0xf5, 0xff, 0xff, 0xff,
    0x00, 0x00, 0x00, 0x00, 0x00, 0x00, 0x00, 0x00, 0x00, 0x00, 0x00, 0x00, 0x90, 0x01, 0x00, 0x00,
    0x00, 0x00, 0x00, 0x00, 0x00, 0x00, 0x00, 0x00, 0x4d, 0x00, 0x69, 0x00, 0x63, 0x00, 0x72, 0x00,
    0x6f, 0x00, 0x73, 0x00, 0x6f, 0x00, 0x66, 0x00, 0x74, 0x00, 0x20, 0x00, 0x53, 0x00, 0x61, 0x00,
    0x6e, 0x00, 0x73, 0x00, 0x20, 0x00, 0x53, 0x00, 0x65, 0x00, 0x72, 0x00, 0x69, 0x00, 0x66, 0x00,
    0x00, 0x00, 0x00, 0x00, 0x06, 0x00, 0x00, 0x00, 0x18, 0x00, 0x00, 0x00, 0xff, 0xff, 0xff, 0xff,
    0xf0, 0x4b, 0x21, 0xfc, 0x00, 0xc4, 0xf0, 0x77, 0xf5, 0xff, 0xff, 0xff, 0x00, 0x00, 0x00, 0x00,
    0x00, 0x00, 0x00, 0x00, 0x00, 0x00, 0x00, 0x00, 0x90, 0x01, 0x00, 0x00, 0x00, 0x00, 0x00, 0x00,
    0x00, 0x00, 0x00, 0x00, 0x4d, 0x00, 0x69, 0x00, 0x63, 0x00, 0x72, 0x00, 0x6f, 0x00, 0x73, 0x00,
    0x6f, 0x00, 0x66, 0x00, 0x74, 0x00, 0x20, 0x00, 0x53, 0x00, 0x61, 0x00, 0x6e, 0x00, 0x73, 0x00,
    0x20, 0x00, 0x53, 0x00, 0x65, 0x00, 0x72, 0x00, 0x69, 0x00, 0x66, 0x00, 0x00, 0x00, 0x14, 0x00,
    0x0b, 0x00, 0x00, 0x00, 0x00, 0xff, 0x12, 0x00, 0x50, 0x00, 0x00, 0x00, 0xc0, 0xfe, 0x12, 0x00,
    0x0c, 0x10, 0x00, 0x01, 0xc1, 0xcc, 0xd9, 0x02, 0x00, 0x00, 0x00, 0x02, 0x4f, 0x65, 0x7d, 0x00,
    0x80, 0x80, 0x80, 0x00, 0x83, 0x99, 0xb1, 0x00, 0xff, 0xff, 0xff, 0x02, 0x00, 0x00, 0x00, 0x02,
    0x00, 0x00, 0x00, 0x00, 0x00, 0x00, 0x00, 0x00, 0xff, 0xff, 0xff, 0x00, 0x83, 0x99, 0xb1, 0x02,
    0x83, 0x99, 0xb1, 0x02, 0x80, 0x80, 0x80, 0x02, 0x4f, 0x65, 0x7d, 0x00, 0xff, 0xff, 0xff, 0x00,
    0x83, 0x99, 0xb1, 0x02, 0x4f, 0x65, 0x7d, 0x02, 0x4f, 0x65, 0x7d, 0x02, 0x00, 0x00, 0x00, 0x02,
    0xc1, 0xcc, 0xd9, 0x00, 0xc1, 0xcc, 0xd9, 0x02, 0x00, 0x00, 0x00, 0x02, 0x83, 0x99, 0xb1, 0x02,
    0x00, 0x00, 0x00, 0x00, 0xff, 0xff, 0xff, 0x00, 0xc0, 0xc0, 0xc0, 0x00, 0x4f, 0x65, 0x7d, 0x02,
    0x80, 0xb4, 0xd0, 0x00, 0xb0, 0xbc, 0xd0, 0x00,
];
const SCHEME_RED_WHITE_AND_BLUE_VGA: &[u8] = &[
    0x02, 0x00, 0x00, 0x00, 0x03, 0x00, 0x00, 0x00, 0x01, 0x00, 0x00, 0x00, 0x0d, 0x00, 0x00, 0x00,
    0x0d, 0x00, 0x00, 0x00, 0x13, 0x00, 0x00, 0x00, 0x13, 0x00, 0x00, 0x00, 0xf1, 0xff, 0xff, 0xff,
    0x00, 0x00, 0x00, 0x00, 0x00, 0x00, 0x00, 0x00, 0x00, 0x00, 0x00, 0x00, 0xbc, 0x02, 0x00, 0x00,
    0x00, 0x00, 0x00, 0x00, 0x00, 0x00, 0x00, 0x00, 0x54, 0x00, 0x69, 0x00, 0x6d, 0x00, 0x65, 0x00,
    0x73, 0x00, 0x20, 0x00, 0x4e, 0x00, 0x65, 0x00, 0x77, 0x00, 0x20, 0x00, 0x52, 0x00, 0x6f, 0x00,
    0x6d, 0x00, 0x61, 0x00, 0x6e, 0x00, 0x00, 0x00, 0x00, 0x00, 0x00, 0x00, 0x00, 0x00, 0x78, 0x00,
    0x1c, 0x10, 0xfc, 0x7f, 0x22, 0x14, 0xfc, 0x7f, 0xb0, 0xfe, 0x12, 0x00, 0x00, 0x00, 0x00, 0x00,
    0x00, 0x00, 0x00, 0x00, 0x98, 0x23, 0xeb, 0x77, 0x11, 0x00, 0x00, 0x00, 0x11, 0x00, 0x00, 0x00,
    0xf3, 0xff, 0xff, 0xff, 0x00, 0x00, 0x00, 0x00, 0x00, 0x00, 0x00, 0x00, 0x00, 0x00, 0x00, 0x00,
    0xbc, 0x02, 0x00, 0x00, 0x00, 0x00, 0x00, 0x00, 0x00, 0x00, 0x00, 0x00, 0x54, 0x00, 0x69, 0x00,
    0x6d, 0x00, 0x65, 0x00, 0x73, 0x00, 0x20, 0x00, 0x4e, 0x00, 0x65, 0x00, 0x77, 0x00, 0x20, 0x00,
    0x52, 0x00, 0x6f, 0x00, 0x6d, 0x00, 0x61, 0x00, 0x6e, 0x00, 0x00, 0x00, 0x00, 0x00, 0x00, 0x00,
    0x00, 0x20, 0x14, 0x00, 0xac, 0xb9, 0xf0, 0x77, 0x00, 0x20, 0x14, 0x00, 0x00, 0x00, 0x00, 0x10,
    0x80, 0x05, 0x14, 0x00, 0xf0, 0x1f, 0x14, 0x00, 0x00, 0x00, 0x14, 0x00, 0x12, 0x00, 0x00, 0x00,
    0x12, 0x00, 0x00, 0x00, 0xf3, 0xff, 0xff, 0xff, 0x00, 0x00, 0x00, 0x00, 0x00, 0x00, 0x00, 0x00,
    0x00, 0x00, 0x00, 0x00, 0x90, 0x01, 0x00, 0x00, 0x00, 0x00, 0x00, 0x00, 0x00, 0x00, 0x00, 0x00,
    0x54, 0x00, 0x69, 0x00, 0x6d, 0x00, 0x65, 0x00, 0x73, 0x00, 0x20, 0x00, 0x4e, 0x00, 0x65, 0x00,
    0x77, 0x00, 0x20, 0x00, 0x52, 0x00, 0x6f, 0x00, 0x6d, 0x00, 0x61, 0x00, 0x6e, 0x00, 0x00, 0x00,
    0x00, 0x00, 0x00, 0x00, 0x00, 0x00, 0x00, 0x00, 0x80, 0x05, 0x14, 0x00, 0x88, 0xfb, 0xe8, 0x77,
    0x02, 0x02, 0x00, 0x00, 0xac, 0xb9, 0xf0, 0x77, 0x00, 0x00, 0x00, 0x00, 0x20, 0x00, 0x00, 0x00,
    0xf3, 0xff, 0xff, 0xff, 0x00, 0x00, 0x00, 0x00, 0x00, 0x00, 0x00, 0x00, 0x00, 0x00, 0x00, 0x00,
    0x90, 0x01, 0x00, 0x00, 0x00, 0x00, 0x00, 0x00, 0x00, 0x00, 0x00, 0x00, 0x54, 0x00, 0x69, 0x00,
    0x6d, 0x00, 0x65, 0x00, 0x73, 0x00, 0x20, 0x00, 0x4e, 0x00, 0x65, 0x00, 0x77, 0x00, 0x20, 0x00,
    0x52, 0x00, 0x6f, 0x00, 0x6d, 0x00, 0x61, 0x00, 0x6e, 0x00, 0x00, 0x00, 0xb4, 0xc0, 0xf0, 0x77,
    0x00, 0x00, 0x00, 0x00, 0x00, 0x00, 0x00, 0x00, 0x00, 0x00, 0x00, 0x00, 0x00, 0x00, 0x00, 0x00,
    0x00, 0x00, 0x00, 0x00, 0x7c, 0x6b, 0xe8, 0x77, 0x00, 0x00, 0x00, 0x00, 0xf3, 0xff, 0xff, 0xff,
    0x00, 0x00, 0x00, 0x00, 0x00, 0x00, 0x00, 0x00, 0x00, 0x00, 0x00, 0x00, 0x90, 0x01, 0x00, 0x00,
    0x00, 0x00, 0x00, 0x00, 0x00, 0x00, 0x00, 0x00, 0x54, 0x00, 0x69, 0x00, 0x6d, 0x00, 0x65, 0x00,
    0x73, 0x00, 0x20, 0x00, 0x4e, 0x00, 0x65, 0x00, 0x77, 0x00, 0x20, 0x00, 0x52, 0x00, 0x6f, 0x00,
    0x6d, 0x00, 0x61, 0x00, 0x6e, 0x00, 0x00, 0x00, 0xc8, 0x0b, 0x00, 0x00, 0x00, 0x00, 0x00, 0x00,
    0x08, 0x00, 0x00, 0x00, 0x06, 0x00, 0x00, 0x00, 0x18, 0x00, 0x00, 0x00, 0xff, 0xff, 0xff, 0xff,
    0xf0, 0x4b, 0x21, 0xfc, 0x00, 0xc4, 0xf0, 0x77, 0xf5, 0xff, 0xff, 0xff, 0x00, 0x00, 0x00, 0x00,
    0x00, 0x00, 0x00, 0x00, 0x00, 0x00, 0x00, 0x00, 0x90, 0x01, 0x00, 0x00, 0x00, 0x00, 0x00, 0x00,
    0x00, 0x00, 0x00, 0x00, 0x4d, 0x00, 0x69, 0x00, 0x63, 0x00, 0x72, 0x00, 0x6f, 0x00, 0x73, 0x00,
    0x6f, 0x00, 0x66, 0x00, 0x74, 0x00, 0x20, 0x00, 0x53, 0x00, 0x61, 0x00, 0x6e, 0x00, 0x73, 0x00,
    0x20, 0x00, 0x53, 0x00, 0x65, 0x00, 0x72, 0x00, 0x69, 0x00, 0x66, 0x00, 0x00, 0x00, 0x14, 0x00,
    0x0b, 0x00, 0x00, 0x00, 0x00, 0xff, 0x12, 0x00, 0x50, 0x00, 0x00, 0x00, 0xc0, 0xfe, 0x12, 0x00,
    0x0c, 0x10, 0x00, 0x01, 0xc0, 0xc0, 0xc0, 0x02, 0x00, 0x00, 0x42, 0x00, 0x80, 0x00, 0x00, 0x00,
    0x80, 0x80, 0x80, 0x00, 0xc0, 0xc0, 0xc0, 0x00, 0xff, 0xff, 0xff, 0x02, 0x00, 0x00, 0x00, 0x02,
    0x00, 0x00, 0x00, 0x00, 0x00, 0x00, 0x00, 0x00, 0xff, 0xff, 0xff, 0x00, 0xc0, 0xc0, 0xc0, 0x02,
    0xc0, 0xc0, 0xc0, 0x02, 0xff, 0xff, 0xff, 0x02, 0x80, 0x00, 0x00, 0x00, 0xff, 0xff, 0xff, 0x00,
    0xc0, 0xc0, 0xc0, 0x02, 0x80, 0x80, 0x80, 0x02, 0x80, 0x80, 0x80, 0x02, 0x00, 0x00, 0x00, 0x02,
    0xc0, 0xc0, 0xc0, 0x00, 0xff, 0xff, 0xff, 0x02, 0x00, 0x00, 0x00, 0x02, 0xc0, 0xc0, 0xc0, 0x02,
    0x00, 0x00, 0x80, 0x00, 0xff, 0xff, 0xff, 0x00, 0xc0, 0xc0, 0xc0, 0x00, 0x80, 0x00, 0x00, 0x02,
    0x00, 0x10, 0xa8, 0x00, 0xba, 0xbe, 0xc9, 0x00,
];
const SCHEME_ROSE: &[u8] = &[
    0x02, 0x00, 0x00, 0x00, 0x03, 0x00, 0x00, 0x00, 0x01, 0x00, 0x00, 0x00, 0x0f, 0x00, 0x00, 0x00,
    0x0f, 0x00, 0x00, 0x00, 0x17, 0x00, 0x00, 0x00, 0x17, 0x00, 0x00, 0x00, 0xed, 0xff, 0xff, 0xff,
    0x00, 0x00, 0x00, 0x00, 0x00, 0x00, 0x00, 0x00, 0x00, 0x00, 0x00, 0x00, 0x90, 0x01, 0x00, 0x00,
    0x00, 0x00, 0x00, 0x00, 0x00, 0x00, 0x00, 0x00, 0x54, 0x00, 0x69, 0x00, 0x6d, 0x00, 0x65, 0x00,
    0x73, 0x00, 0x20, 0x00, 0x4e, 0x00, 0x65, 0x00, 0x77, 0x00, 0x20, 0x00, 0x52, 0x00, 0x6f, 0x00,
    0x6d, 0x00, 0x61, 0x00, 0x6e, 0x00, 0x00, 0x00, 0x00, 0x00, 0x00, 0x00, 0x00, 0x00, 0x78, 0x00,
    0x1c, 0x10, 0xfc, 0x7f, 0x22, 0x14, 0xfc, 0x7f, 0xb0, 0xfe, 0x12, 0x00, 0x00, 0x00, 0x00, 0x00,
    0x00, 0x00, 0x00, 0x00, 0x98, 0x23, 0xeb, 0x77, 0x11, 0x00, 0x00, 0x00, 0x11, 0x00, 0x00, 0x00,
    0xf3, 0xff, 0xff, 0xff, 0x00, 0x00, 0x00, 0x00, 0x00, 0x00, 0x00, 0x00, 0x00, 0x00, 0x00, 0x00,
    0xbc, 0x02, 0x00, 0x00, 0x00, 0x00, 0x00, 0x00, 0x00, 0x00, 0x00, 0x00, 0x54, 0x00, 0x69, 0x00,
    0x6d, 0x00, 0x65, 0x00, 0x73, 0x00, 0x20, 0x00, 0x4e, 0x00, 0x65, 0x00, 0x77, 0x00, 0x20, 0x00,
    0x52, 0x00, 0x6f, 0x00, 0x6d, 0x00, 0x61, 0x00, 0x6e, 0x00, 0x00, 0x00, 0x00, 0x00, 0x00, 0x00,
    0x00, 0x20, 0x14, 0x00, 0xac, 0xb9, 0xf0, 0x77, 0x00, 0x20, 0x14, 0x00, 0x00, 0x00, 0x00, 0x10,
    0x80, 0x05, 0x14, 0x00, 0xf0, 0x1f, 0x14, 0x00, 0x00, 0x00, 0x14, 0x00, 0x12, 0x00, 0x00, 0x00,
    0x12, 0x00, 0x00, 0x00, 0xf5, 0xff, 0xff, 0xff, 0x00, 0x00, 0x00, 0x00, 0x00, 0x00, 0x00, 0x00,
    0x00, 0x00, 0x00, 0x00, 0x90, 0x01, 0x00, 0x00, 0x00, 0x00, 0x00, 0x00, 0x00, 0x00, 0x00, 0x00,
    0x4d, 0x00, 0x69, 0x00, 0x63, 0x00, 0x72, 0x00, 0x6f, 0x00, 0x73, 0x00, 0x6f, 0x00, 0x66, 0x00,
    0x74, 0x00, 0x20, 0x00, 0x53, 0x00, 0x61, 0x00, 0x6e, 0x00, 0x73, 0x00, 0x20, 0x00, 0x53, 0x00,
    0x65, 0x00, 0x72, 0x00, 0x69, 0x00, 0x66, 0x00, 0x00, 0x00, 0x14, 0x00, 0x88, 0xfb, 0xe8, 0x77,
    0x02, 0x02, 0x00, 0x00, 0xac, 0xb9, 0xf0, 0x77, 0x00, 0x00, 0x00, 0x00, 0x20, 0x00, 0x00, 0x00,
    0xf5, 0xff, 0xff, 0xff, 0x00, 0x00, 0x00, 0x00, 0x00, 0x00, 0x00, 0x00, 0x00, 0x00, 0x00, 0x00,
    0x90, 0x01, 0x00, 0x00, 0x00, 0x00, 0x00, 0x00, 0x00, 0x00, 0x00, 0x00, 0x4d, 0x00, 0x69, 0x00,
    0x63, 0x00, 0x72, 0x00, 0x6f, 0x00, 0x73, 0x00, 0x6f, 0x00, 0x66, 0x00, 0x74, 0x00, 0x20, 0x00,
    0x53, 0x00, 0x61, 0x00, 0x6e, 0x00, 0x73, 0x00, 0x20, 0x00, 0x53, 0x00, 0x65, 0x00, 0x72, 0x00,
    0x69, 0x00, 0x66, 0x00, 0x00, 0x00, 0x00, 0x00, 0x00, 0x00, 0x00, 0x00, 0x00, 0x00, 0x00, 0x00,
    0x00, 0x00, 0x00, 0x00, 0x7c, 0x6b, 0xe8, 0x77, 0x00, 0x00, 0x00, 0x00, 0xf5, 0xff, 0xff, 0xff,
    0x00, 0x00, 0x00, 0x00, 0x00, 0x00, 0x00, 0x00, 0x00, 0x00, 0x00, 0x00, 0x90, 0x01, 0x00, 0x00,
    0x00, 0x00, 0x00, 0x00, 0x00, 0x00, 0x00, 0x00, 0x4d, 0x00, 0x69, 0x00, 0x63, 0x00, 0x72, 0x00,
    0x6f, 0x00, 0x73, 0x00, 0x6f, 0x00, 0x66, 0x00, 0x74, 0x00, 0x20, 0x00, 0x53, 0x00, 0x61, 0x00,
    0x6e, 0x00, 0x73, 0x00, 0x20, 0x00, 0x53, 0x00, 0x65, 0x00, 0x72, 0x00, 0x69, 0x00, 0x66, 0x00,
    0x00, 0x00, 0x00, 0x00, 0x06, 0x00, 0x00, 0x00, 0x18, 0x00, 0x00, 0x00, 0xff, 0xff, 0xff, 0xff,
    0xf0, 0x4b, 0x21, 0xfc, 0x00, 0xc4, 0xf0, 0x77, 0xf5, 0xff, 0xff, 0xff, 0x00, 0x00, 0x00, 0x00,
    0x00, 0x00, 0x00, 0x00, 0x00, 0x00, 0x00, 0x00, 0x90, 0x01, 0x00, 0x00, 0x00, 0x00, 0x00, 0x00,
    0x00, 0x00, 0x00, 0x00, 0x4d, 0x00, 0x69, 0x00, 0x63, 0x00, 0x72, 0x00, 0x6f, 0x00, 0x73, 0x00,
    0x6f, 0x00, 0x66, 0x00, 0x74, 0x00, 0x20, 0x00, 0x53, 0x00, 0x61, 0x00, 0x6e, 0x00, 0x73, 0x00,
    0x20, 0x00, 0x53, 0x00, 0x65, 0x00, 0x72, 0x00, 0x69, 0x00, 0x66, 0x00, 0x00, 0x00, 0x14, 0x00,
    0x0b, 0x00, 0x00, 0x00, 0x00, 0xff, 0x12, 0x00, 0x50, 0x00, 0x00, 0x00, 0xc0, 0xfe, 0x12, 0x00,
    0x0c, 0x10, 0x00, 0x01, 0xcf, 0xaf, 0xb7, 0x02, 0x80, 0x80, 0x80, 0x02, 0x9f, 0x60, 0x70, 0x00,
    0xa0, 0xa0, 0xa4, 0x00, 0xcf, 0xaf, 0xb7, 0x00, 0xff, 0xff, 0xff, 0x02, 0x00, 0x00, 0x00, 0x02,
    0x00, 0x00, 0x00, 0x00, 0x00, 0x00, 0x00, 0x00, 0xff, 0xff, 0xff, 0x00, 0xcf, 0xaf, 0xb7, 0x02,
    0xcf, 0xaf, 0xb7, 0x02, 0x9f, 0x60, 0x70, 0x02, 0x9f, 0x60, 0x70, 0x00, 0xff, 0xff, 0xff, 0x00,
    0xcf, 0xaf, 0xb7, 0x02, 0x9f, 0x60, 0x70, 0x02, 0x9f, 0x60, 0x70, 0x02, 0x00, 0x00, 0x00, 0x02,
    0x7d, 0x7d, 0x7d, 0x00, 0xe7, 0xd8, 0xdc, 0x02, 0x00, 0x00, 0x00, 0x02, 0xcf, 0xaf, 0xb7, 0x02,
    0x00, 0x00, 0x00, 0x00, 0xff, 0xff, 0xff, 0x00, 0xc0, 0xc0, 0xc0, 0x00, 0x9f, 0x60, 0x70, 0x02,
    0xd8, 0xcc, 0xd0, 0x00, 0xd0, 0xd4, 0xd0, 0x00,
];
const SCHEME_ROSE_LARGE: &[u8] = &[
    0x02, 0x00, 0x00, 0x00, 0x03, 0x00, 0x00, 0x00, 0x02, 0x00, 0x00, 0x00, 0x11, 0x00, 0x00, 0x00,
    0x11, 0x00, 0x00, 0x00, 0x1c, 0x00, 0x00, 0x00, 0x1c, 0x00, 0x00, 0x00, 0xe9, 0xff, 0xff, 0xff,
    0x00, 0x00, 0x00, 0x00, 0x00, 0x00, 0x00, 0x00, 0x00, 0x00, 0x00, 0x00, 0x90, 0x01, 0x00, 0x00,
    0x00, 0x00, 0x00, 0x00, 0x00, 0x00, 0x00, 0x00, 0x54, 0x00, 0x69, 0x00, 0x6d, 0x00, 0x65, 0x00,
    0x73, 0x00, 0x20, 0x00, 0x4e, 0x00, 0x65, 0x00, 0x77, 0x00, 0x20, 0x00, 0x52, 0x00, 0x6f, 0x00,
    0x6d, 0x00, 0x61, 0x00, 0x6e, 0x00, 0x00, 0x00, 0x00, 0x00, 0x00, 0x00, 0x00, 0x00, 0x78, 0x00,
    0x1c, 0x10, 0xfc, 0x7f, 0x22, 0x14, 0xfc, 0x7f, 0xb0, 0xfe, 0x12, 0x00, 0x00, 0x00, 0x00, 0x00,
    0x00, 0x00, 0x00, 0x00, 0x98, 0x23, 0xeb, 0x77, 0x15, 0x00, 0x00, 0x00, 0x15, 0x00, 0x00, 0x00,
    0xf0, 0xff, 0xff, 0xff, 0x00, 0x00, 0x00, 0x00, 0x00, 0x00, 0x00, 0x00, 0x00, 0x00, 0x00, 0x00,
    0xbc, 0x02, 0x00, 0x00, 0x00, 0x00, 0x00, 0x00, 0x00, 0x00, 0x00, 0x00, 0x54, 0x00, 0x69, 0x00,
    0x6d, 0x00, 0x65, 0x00, 0x73, 0x00, 0x20, 0x00, 0x4e, 0x00, 0x65, 0x00, 0x77, 0x00, 0x20, 0x00,
    0x52, 0x00, 0x6f, 0x00, 0x6d, 0x00, 0x61, 0x00, 0x6e, 0x00, 0x00, 0x00, 0x00, 0x00, 0x00, 0x00,
    0x00, 0x20, 0x14, 0x00, 0xac, 0xb9, 0xf0, 0x77, 0x00, 0x20, 0x14, 0x00, 0x00, 0x00, 0x00, 0x10,
    0x80, 0x05, 0x14, 0x00, 0xf0, 0x1f, 0x14, 0x00, 0x00, 0x00, 0x14, 0x00, 0x16, 0x00, 0x00, 0x00,
    0x16, 0x00, 0x00, 0x00, 0xef, 0xff, 0xff, 0xff, 0x00, 0x00, 0x00, 0x00, 0x00, 0x00, 0x00, 0x00,
    0x00, 0x00, 0x00, 0x00, 0x90, 0x01, 0x00, 0x00, 0x00, 0x00, 0x00, 0x00, 0x00, 0x00, 0x00, 0x00,
    0x4d, 0x00, 0x69, 0x00, 0x63, 0x00, 0x72, 0x00, 0x6f, 0x00, 0x73, 0x00, 0x6f, 0x00, 0x66, 0x00,
    0x74, 0x00, 0x20, 0x00, 0x53, 0x00, 0x61, 0x00, 0x6e, 0x00, 0x73, 0x00, 0x20, 0x00, 0x53, 0x00,
    0x65, 0x00, 0x72, 0x00, 0x69, 0x00, 0x66, 0x00, 0x00, 0x00, 0x14, 0x00, 0x88, 0xfb, 0xe8, 0x77,
    0x02, 0x02, 0x00, 0x00, 0xac, 0xb9, 0xf0, 0x77, 0x00, 0x00, 0x00, 0x00, 0x20, 0x00, 0x00, 0x00,
    0xf0, 0xff, 0xff, 0xff, 0x00, 0x00, 0x00, 0x00, 0x00, 0x00, 0x00, 0x00, 0x00, 0x00, 0x00, 0x00,
    0x90, 0x01, 0x00, 0x00, 0x00, 0x00, 0x00, 0x00, 0x00, 0x00, 0x00, 0x00, 0x4d, 0x00, 0x69, 0x00,
    0x63, 0x00, 0x72, 0x00, 0x6f, 0x00, 0x73, 0x00, 0x6f, 0x00, 0x66, 0x00, 0x74, 0x00, 0x20, 0x00,
    0x53, 0x00, 0x61, 0x00, 0x6e, 0x00, 0x73, 0x00, 0x20, 0x00, 0x53, 0x00, 0x65, 0x00, 0x72, 0x00,
    0x69, 0x00, 0x66, 0x00, 0x00, 0x00, 0x00, 0x00, 0x00, 0x00, 0x00, 0x00, 0x00, 0x00, 0x00, 0x00,
    0x00, 0x00, 0x00, 0x00, 0x7c, 0x6b, 0xe8, 0x77, 0x00, 0x00, 0x00, 0x00, 0xef, 0xff, 0xff, 0xff,
    0x00, 0x00, 0x00, 0x00, 0x00, 0x00, 0x00, 0x00, 0x00, 0x00, 0x00, 0x00, 0x90, 0x01, 0x00, 0x00,
    0x00, 0x00, 0x00, 0x00, 0x00, 0x00, 0x00, 0x00, 0x4d, 0x00, 0x69, 0x00, 0x63, 0x00, 0x72, 0x00,
    0x6f, 0x00, 0x73, 0x00, 0x6f, 0x00, 0x66, 0x00, 0x74, 0x00, 0x20, 0x00, 0x53, 0x00, 0x61, 0x00,
    0x6e, 0x00, 0x73, 0x00, 0x20, 0x00, 0x53, 0x00, 0x65, 0x00, 0x72, 0x00, 0x69, 0x00, 0x66, 0x00,
    0x00, 0x00, 0x00, 0x00, 0x06, 0x00, 0x00, 0x00, 0x18, 0x00, 0x00, 0x00, 0xff, 0xff, 0xff, 0xff,
    0xf0, 0x4b, 0x21, 0xfc, 0x00, 0xc4, 0xf0, 0x77, 0xef, 0xff, 0xff, 0xff, 0x00, 0x00, 0x00, 0x00,
    0x00, 0x00, 0x00, 0x00, 0x00, 0x00, 0x00, 0x00, 0x90, 0x01, 0x00, 0x00, 0x00, 0x00, 0x00, 0x00,
    0x00, 0x00, 0x00, 0x00, 0x4d, 0x00, 0x69, 0x00, 0x63, 0x00, 0x72, 0x00, 0x6f, 0x00, 0x73, 0x00,
    0x6f, 0x00, 0x66, 0x00, 0x74, 0x00, 0x20, 0x00, 0x53, 0x00, 0x61, 0x00, 0x6e, 0x00, 0x73, 0x00,
    0x20, 0x00, 0x53, 0x00, 0x65, 0x00, 0x72, 0x00, 0x69, 0x00, 0x66, 0x00, 0x00, 0x00, 0x14, 0x00,
    0x0b, 0x00, 0x00, 0x00, 0x00, 0xff, 0x12, 0x00, 0x50, 0x00, 0x00, 0x00, 0xc0, 0xfe, 0x12, 0x00,
    0x0c, 0x10, 0x00, 0x01, 0xc0, 0xc0, 0xc0, 0x02, 0x80, 0x80, 0x80, 0x02, 0xa0, 0x60, 0x70, 0x00,
    0xa0, 0xa0, 0xa4, 0x00, 0xd0, 0xb0, 0xb8, 0x00, 0xff, 0xff, 0xff, 0x02, 0x00, 0x00, 0x00, 0x02,
    0x00, 0x00, 0x00, 0x00, 0x00, 0x00, 0x00, 0x00, 0xff, 0xff, 0xff, 0x00, 0xd0, 0xb0, 0xb8, 0x02,
    0xd0, 0xb0, 0xb8, 0x02, 0xe8, 0xd8, 0xe0, 0x02, 0xa0, 0x60, 0x70, 0x00, 0xff, 0xff, 0xff, 0x00,
    0xd0, 0xb0, 0xb8, 0x02, 0xa0, 0x60, 0x70, 0x02, 0xa0, 0x60, 0x70, 0x02, 0x00, 0x00, 0x00, 0x02,
    0x7d, 0x7d, 0x7d, 0x00, 0xe8, 0xd8, 0xe0, 0x02, 0x00, 0x00, 0x00, 0x02, 0xd0, 0xb0, 0xb8, 0x02,
    0x00, 0x00, 0x00, 0x00, 0xff, 0xff, 0xff, 0x00, 0xc0, 0xc0, 0xc0, 0x00, 0xa0, 0x60, 0x70, 0x02,
    0xd8, 0xcc, 0xd0, 0x00, 0xd0, 0xd4, 0xd0, 0x00,
];
const SCHEME_SLATE: &[u8] = &[
    0x02, 0x00, 0x00, 0x00, 0x03, 0x00, 0x00, 0x00, 0x01, 0x00, 0x00, 0x00, 0x0d, 0x00, 0x00, 0x00,
    0x0d, 0x00, 0x00, 0x00, 0x12, 0x00, 0x00, 0x00, 0x12, 0x00, 0x00, 0x00, 0xf5, 0xff, 0xff, 0xff,
    0x00, 0x00, 0x00, 0x00, 0x00, 0x00, 0x00, 0x00, 0x00, 0x00, 0x00, 0x00, 0xbc, 0x02, 0x00, 0x00,
    0x00, 0x00, 0x00, 0x00, 0x00, 0x00, 0x00, 0x00, 0x4d, 0x00, 0x69, 0x00, 0x63, 0x00, 0x72, 0x00,
    0x6f, 0x00, 0x73, 0x00, 0x6f, 0x00, 0x66, 0x00, 0x74, 0x00, 0x20, 0x00, 0x53, 0x00, 0x61, 0x00,
    0x6e, 0x00, 0x73, 0x00, 0x20, 0x00, 0x53, 0x00, 0x65, 0x00, 0x72, 0x00, 0x69, 0x00, 0x66, 0x00,
    0x00, 0x00, 0xfc, 0x7f, 0x22, 0x14, 0xfc, 0x7f, 0xb0, 0xfe, 0x12, 0x00, 0x00, 0x00, 0x00, 0x00,
    0x00, 0x00, 0x00, 0x00, 0x98, 0x23, 0xeb, 0x77, 0x0f, 0x00, 0x00, 0x00, 0x0f, 0x00, 0x00, 0x00,
    0xf5, 0xff, 0xff, 0xff, 0x00, 0x00, 0x00, 0x00, 0x00, 0x00, 0x00, 0x00, 0x00, 0x00, 0x00, 0x00,
    0x90, 0x01, 0x00, 0x00, 0x00, 0x00, 0x00, 0x00, 0x00, 0x00, 0x00, 0x00, 0x4d, 0x00, 0x69, 0x00,
    0x63, 0x00, 0x72, 0x00, 0x6f, 0x00, 0x73, 0x00, 0x6f, 0x00, 0x66, 0x00, 0x74, 0x00, 0x20, 0x00,
    0x53, 0x00, 0x61, 0x00, 0x6e, 0x00, 0x73, 0x00, 0x20, 0x00, 0x53, 0x00, 0x65, 0x00, 0x72, 0x00,
    0x69, 0x00, 0x66, 0x00, 0x00, 0x00, 0xf0, 0x77, 0x00, 0x20, 0x14, 0x00, 0x00, 0x00, 0x00, 0x10,
    0x80, 0x05, 0x14, 0x00, 0xf0, 0x1f, 0x14, 0x00, 0x00, 0x00, 0x14, 0x00, 0x12, 0x00, 0x00, 0x00,
    0x12, 0x00, 0x00, 0x00, 0xf5, 0xff, 0xff, 0xff, 0x00, 0x00, 0x00, 0x00, 0x00, 0x00, 0x00, 0x00,
    0x00, 0x00, 0x00, 0x00, 0x90, 0x01, 0x00, 0x00, 0x00, 0x00, 0x00, 0x00, 0x00, 0x00, 0x00, 0x00,
    0x4d, 0x00, 0x69, 0x00, 0x63, 0x00, 0x72, 0x00, 0x6f, 0x00, 0x73, 0x00, 0x6f, 0x00, 0x66, 0x00,
    0x74, 0x00, 0x20, 0x00, 0x53, 0x00, 0x61, 0x00, 0x6e, 0x00, 0x73, 0x00, 0x20, 0x00, 0x53, 0x00,
    0x65, 0x00, 0x72, 0x00, 0x69, 0x00, 0x66, 0x00, 0x00, 0x00, 0x14, 0x00, 0x88, 0xfb, 0xe8, 0x77,
    0x02, 0x02, 0x00, 0x00, 0xac, 0xb9, 0xf0, 0x77, 0x00, 0x00, 0x00, 0x00, 0x20, 0x00, 0x00, 0x00,
    0xf5, 0xff, 0xff, 0xff, 0x00, 0x00, 0x00, 0x00, 0x00, 0x00, 0x00, 0x00, 0x00, 0x00, 0x00, 0x00,
    0x90, 0x01, 0x00, 0x00, 0x00, 0x00, 0x00, 0x00, 0x00, 0x00, 0x00, 0x00, 0x4d, 0x00, 0x69, 0x00,
    0x63, 0x00, 0x72, 0x00, 0x6f, 0x00, 0x73, 0x00, 0x6f, 0x00, 0x66, 0x00, 0x74, 0x00, 0x20, 0x00,
    0x53, 0x00, 0x61, 0x00, 0x6e, 0x00, 0x73, 0x00, 0x20, 0x00, 0x53, 0x00, 0x65, 0x00, 0x72, 0x00,
    0x69, 0x00, 0x66, 0x00, 0x00, 0x00, 0x00, 0x00, 0x00, 0x00, 0x00, 0x00, 0x00, 0x00, 0x00, 0x00,
    0x00, 0x00, 0x00, 0x00, 0x7c, 0x6b, 0xe8, 0x77, 0x00, 0x00, 0x00, 0x00, 0xf5, 0xff, 0xff, 0xff,
    0x00, 0x00, 0x00, 0x00, 0x00, 0x00, 0x00, 0x00, 0x00, 0x00, 0x00, 0x00, 0x90, 0x01, 0x00, 0x00,
    0x00, 0x00, 0x00, 0x00, 0x00, 0x00, 0x00, 0x00, 0x4d, 0x00, 0x69, 0x00, 0x63, 0x00, 0x72, 0x00,
    0x6f, 0x00, 0x73, 0x00, 0x6f, 0x00, 0x66, 0x00, 0x74, 0x00, 0x20, 0x00, 0x53, 0x00, 0x61, 0x00,
    0x6e, 0x00, 0x73, 0x00, 0x20, 0x00, 0x53, 0x00, 0x65, 0x00, 0x72, 0x00, 0x69, 0x00, 0x66, 0x00,
    0x00, 0x00, 0x00, 0x00, 0x06, 0x00, 0x00, 0x00, 0x18, 0x00, 0x00, 0x00, 0xff, 0xff, 0xff, 0xff,
    0xf0, 0x4b, 0x21, 0xfc, 0x00, 0xc4, 0xf0, 0x77, 0xf5, 0xff, 0xff, 0xff, 0x00, 0x00, 0x00, 0x00,
    0x00, 0x00, 0x00, 0x00, 0x00, 0x00, 0x00, 0x00, 0x90, 0x01, 0x00, 0x00, 0x00, 0x00, 0x00, 0x00,
    0x00, 0x00, 0x00, 0x00, 0x4d, 0x00, 0x69, 0x00, 0x63, 0x00, 0x72, 0x00, 0x6f, 0x00, 0x73, 0x00,
    0x6f, 0x00, 0x66, 0x00, 0x74, 0x00, 0x20, 0x00, 0x53, 0x00, 0x61, 0x00, 0x6e, 0x00, 0x73, 0x00,
    0x20, 0x00, 0x53, 0x00, 0x65, 0x00, 0x72, 0x00, 0x69, 0x00, 0x66, 0x00, 0x00, 0x00, 0x14, 0x00,
    0x0b, 0x00, 0x00, 0x00, 0x00, 0xff, 0x12, 0x00, 0x50, 0x00, 0x00, 0x00, 0xc0, 0xfe, 0x12, 0x00,
    0x0c, 0x10, 0x00, 0x01, 0xce, 0xdc, 0xe3, 0x02, 0x41, 0x41, 0x41, 0x00, 0x55, 0x80, 0x97, 0x00,
    0x80, 0x80, 0x80, 0x00, 0x9d, 0xb9, 0xc8, 0x00, 0xff, 0xff, 0xff, 0x02, 0x00, 0x00, 0x00, 0x02,
    0x00, 0x00, 0x00, 0x00, 0x00, 0x00, 0x00, 0x00, 0xff, 0xff, 0xff, 0x00, 0x9d, 0xb9, 0xc8, 0x02,
    0x9d, 0xb9, 0xc8, 0x02, 0x42, 0x42, 0x42, 0x00, 0x55, 0x80, 0x97, 0x00, 0xff, 0xff, 0xff, 0x00,
    0x9d, 0xb9, 0xc8, 0x02, 0x55, 0x80, 0x97, 0x02, 0x55, 0x80, 0x97, 0x02, 0x00, 0x00, 0x00, 0x02,
    0xc0, 0xc0, 0xc0, 0x00, 0xce, 0xdc, 0xe3, 0x02, 0x00, 0x00, 0x00, 0x02, 0x9d, 0xb9, 0xc8, 0x02,
    0x00, 0x00, 0x00, 0x00, 0xff, 0xff, 0xff, 0x00, 0xc0, 0xc0, 0xc0, 0x00, 0x55, 0x80, 0x97, 0x02,
    0x88, 0xb8, 0xd8, 0x00, 0xa0, 0xbc, 0xc8, 0x00,
];
const SCHEME_SPRUCE: &[u8] = &[
    0x02, 0x00, 0x00, 0x00, 0x03, 0x00, 0x00, 0x00, 0x01, 0x00, 0x00, 0x00, 0x0f, 0x00, 0x00, 0x00,
    0x0f, 0x00, 0x00, 0x00, 0x12, 0x00, 0x00, 0x00, 0x12, 0x00, 0x00, 0x00, 0xf4, 0xff, 0xff, 0xff,
    0x00, 0x00, 0x00, 0x00, 0x00, 0x00, 0x00, 0x00, 0x00, 0x00, 0x00, 0x00, 0xbc, 0x02, 0x00, 0x00,
    0x00, 0x00, 0x00, 0x00, 0x00, 0x00, 0x00, 0x00, 0x4d, 0x00, 0x69, 0x00, 0x63, 0x00, 0x72, 0x00,
    0x6f, 0x00, 0x73, 0x00, 0x6f, 0x00, 0x66, 0x00, 0x74, 0x00, 0x20, 0x00, 0x53, 0x00, 0x61, 0x00,
    0x6e, 0x00, 0x73, 0x00, 0x20, 0x00, 0x53, 0x00, 0x65, 0x00, 0x72, 0x00, 0x69, 0x00, 0x66, 0x00,
    0x00, 0x00, 0xfc, 0x7f, 0x22, 0x14, 0xfc, 0x7f, 0xb0, 0xfe, 0x12, 0x00, 0x00, 0x00, 0x00, 0x00,
    0x00, 0x00, 0x00, 0x00, 0x98, 0x23, 0xeb, 0x77, 0x0f, 0x00, 0x00, 0x00, 0x0f, 0x00, 0x00, 0x00,
    0xf5, 0xff, 0xff, 0xff, 0x00, 0x00, 0x00, 0x00, 0x00, 0x00, 0x00, 0x00, 0x00, 0x00, 0x00, 0x00,
    0x90, 0x01, 0x00, 0x00, 0x00, 0x00, 0x00, 0x00, 0x00, 0x00, 0x00, 0x00, 0x4d, 0x00, 0x69, 0x00,
    0x63, 0x00, 0x72, 0x00, 0x6f, 0x00, 0x73, 0x00, 0x6f, 0x00, 0x66, 0x00, 0x74, 0x00, 0x20, 0x00,
    0x53, 0x00, 0x61, 0x00, 0x6e, 0x00, 0x73, 0x00, 0x20, 0x00, 0x53, 0x00, 0x65, 0x00, 0x72, 0x00,
    0x69, 0x00, 0x66, 0x00, 0x00, 0x00, 0xf0, 0x77, 0x00, 0x20, 0x14, 0x00, 0x00, 0x00, 0x00, 0x10,
    0x80, 0x05, 0x14, 0x00, 0xf0, 0x1f, 0x14, 0x00, 0x00, 0x00, 0x14, 0x00, 0x12, 0x00, 0x00, 0x00,
    0x12, 0x00, 0x00, 0x00, 0xf5, 0xff, 0xff, 0xff, 0x00, 0x00, 0x00, 0x00, 0x00, 0x00, 0x00, 0x00,
    0x00, 0x00, 0x00, 0x00, 0x90, 0x01, 0x00, 0x00, 0x00, 0x00, 0x00, 0x00, 0x00, 0x00, 0x00, 0x00,
    0x4d, 0x00, 0x69, 0x00, 0x63, 0x00, 0x72, 0x00, 0x6f, 0x00, 0x73, 0x00, 0x6f, 0x00, 0x66, 0x00,
    0x74, 0x00, 0x20, 0x00, 0x53, 0x00, 0x61, 0x00, 0x6e, 0x00, 0x73, 0x00, 0x20, 0x00, 0x53, 0x00,
    0x65, 0x00, 0x72, 0x00, 0x69, 0x00, 0x66, 0x00, 0x00, 0x00, 0x14, 0x00, 0x88, 0xfb, 0xe8, 0x77,
    0x02, 0x02, 0x00, 0x00, 0xac, 0xb9, 0xf0, 0x77, 0x00, 0x00, 0x00, 0x00, 0x20, 0x00, 0x00, 0x00,
    0xf5, 0xff, 0xff, 0xff, 0x00, 0x00, 0x00, 0x00, 0x00, 0x00, 0x00, 0x00, 0x00, 0x00, 0x00, 0x00,
    0x90, 0x01, 0x00, 0x00, 0x00, 0x00, 0x00, 0x00, 0x00, 0x00, 0x00, 0x00, 0x4d, 0x00, 0x69, 0x00,
    0x63, 0x00, 0x72, 0x00, 0x6f, 0x00, 0x73, 0x00, 0x6f, 0x00, 0x66, 0x00, 0x74, 0x00, 0x20, 0x00,
    0x53, 0x00, 0x61, 0x00, 0x6e, 0x00, 0x73, 0x00, 0x20, 0x00, 0x53, 0x00, 0x65, 0x00, 0x72, 0x00,
    0x69, 0x00, 0x66, 0x00, 0x00, 0x00, 0x00, 0x00, 0x00, 0x00, 0x00, 0x00, 0x00, 0x00, 0x00, 0x00,
    0x00, 0x00, 0x00, 0x00, 0x7c, 0x6b, 0xe8, 0x77, 0x00, 0x00, 0x00, 0x00, 0xf5, 0xff, 0xff, 0xff,
    0x00, 0x00, 0x00, 0x00, 0x00, 0x00, 0x00, 0x00, 0x00, 0x00, 0x00, 0x00, 0x90, 0x01, 0x00, 0x00,
    0x00, 0x00, 0x00, 0x00, 0x00, 0x00, 0x00, 0x00, 0x4d, 0x00, 0x69, 0x00, 0x63, 0x00, 0x72, 0x00,
    0x6f, 0x00, 0x73, 0x00, 0x6f, 0x00, 0x66, 0x00, 0x74, 0x00, 0x20, 0x00, 0x53, 0x00, 0x61, 0x00,
    0x6e, 0x00, 0x73, 0x00, 0x20, 0x00, 0x53, 0x00, 0x65, 0x00, 0x72, 0x00, 0x69, 0x00, 0x66, 0x00,
    0x00, 0x00, 0x00, 0x00, 0x06, 0x00, 0x00, 0x00, 0x18, 0x00, 0x00, 0x00, 0xff, 0xff, 0xff, 0xff,
    0xf0, 0x4b, 0x21, 0xfc, 0x00, 0xc4, 0xf0, 0x77, 0xf5, 0xff, 0xff, 0xff, 0x00, 0x00, 0x00, 0x00,
    0x00, 0x00, 0x00, 0x00, 0x00, 0x00, 0x00, 0x00, 0x90, 0x01, 0x00, 0x00, 0x00, 0x00, 0x00, 0x00,
    0x00, 0x00, 0x00, 0x00, 0x4d, 0x00, 0x69, 0x00, 0x63, 0x00, 0x72, 0x00, 0x6f, 0x00, 0x73, 0x00,
    0x6f, 0x00, 0x66, 0x00, 0x74, 0x00, 0x20, 0x00, 0x53, 0x00, 0x61, 0x00, 0x6e, 0x00, 0x73, 0x00,
    0x20, 0x00, 0x53, 0x00, 0x65, 0x00, 0x72, 0x00, 0x69, 0x00, 0x66, 0x00, 0x00, 0x00, 0x14, 0x00,
    0x0b, 0x00, 0x00, 0x00, 0x00, 0xff, 0x12, 0x00, 0x50, 0x00, 0x00, 0x00, 0xc0, 0xfe, 0x12, 0x00,
    0x0c, 0x10, 0x00, 0x01, 0xd0, 0xe3, 0xd3, 0x02, 0x21, 0x3f, 0x21, 0x00, 0x59, 0x97, 0x64, 0x00,
    0x80, 0x80, 0x80, 0x00, 0xa2, 0xc8, 0xa9, 0x00, 0xff, 0xff, 0xff, 0x02, 0x00, 0x00, 0x00, 0x02,
    0x00, 0x00, 0x00, 0x00, 0x00, 0x00, 0x00, 0x00, 0xff, 0xff, 0xff, 0x00, 0xa2, 0xc8, 0xa9, 0x02,
    0xa2, 0xc8, 0xa9, 0x02, 0xd0, 0xe3, 0xd3, 0x02, 0x59, 0x97, 0x64, 0x00, 0xff, 0xff, 0xff, 0x00,
    0xa2, 0xc8, 0xa9, 0x02, 0x59, 0x97, 0x64, 0x02, 0x59, 0x97, 0x64, 0x02, 0x00, 0x00, 0x00, 0x02,
    0xd0, 0xe3, 0xd3, 0x00, 0xd0, 0xe3, 0xd3, 0x02, 0x00, 0x00, 0x00, 0x02, 0xa2, 0xc8, 0xa9, 0x02,
    0x00, 0x00, 0x00, 0x00, 0xff, 0xff, 0xff, 0x00, 0xc0, 0xc0, 0xc0, 0x00, 0x59, 0x97, 0x64, 0x02,
    0x98, 0xc8, 0xe8, 0x00, 0xa8, 0xcc, 0xb0, 0x00,
];
const SCHEME_STORM_VGA: &[u8] = &[
    0x02, 0x00, 0x00, 0x00, 0x03, 0x00, 0x00, 0x00, 0x01, 0x00, 0x00, 0x00, 0x0d, 0x00, 0x00, 0x00,
    0x0d, 0x00, 0x00, 0x00, 0x12, 0x00, 0x00, 0x00, 0x12, 0x00, 0x00, 0x00, 0xf5, 0xff, 0xff, 0xff,
    0x00, 0x00, 0x00, 0x00, 0x00, 0x00, 0x00, 0x00, 0x00, 0x00, 0x00, 0x00, 0xbc, 0x02, 0x00, 0x00,
    0x00, 0x00, 0x00, 0x00, 0x00, 0x00, 0x00, 0x00, 0x54, 0x00, 0x61, 0x00, 0x68, 0x00, 0x6f, 0x00,
    0x6d, 0x00, 0x61, 0x00, 0x00, 0x00, 0x20, 0x00, 0x53, 0x00, 0x65, 0x00, 0x72, 0x00, 0x69, 0x00,
    0x66, 0x00, 0x00, 0x00, 0x6e, 0x00, 0x00, 0x00, 0x00, 0x00, 0x00, 0x00, 0x00, 0x00, 0x78, 0x00,
    0x1c, 0x10, 0xfc, 0x7f, 0x22, 0x14, 0xfc, 0x7f, 0xb0, 0xfe, 0x12, 0x00, 0x00, 0x00, 0x00, 0x00,
    0x00, 0x00, 0x00, 0x00, 0x98, 0x23, 0xeb, 0x77, 0x0f, 0x00, 0x00, 0x00, 0x0f, 0x00, 0x00, 0x00,
    0xf5, 0xff, 0xff, 0xff, 0x00, 0x00, 0x00, 0x00, 0x00, 0x00, 0x00, 0x00, 0x00, 0x00, 0x00, 0x00,
    0x90, 0x01, 0x00, 0x00, 0x00, 0x00, 0x00, 0x00, 0x00, 0x00, 0x00, 0x00, 0x4d, 0x00, 0x69, 0x00,
    0x63, 0x00, 0x72, 0x00, 0x6f, 0x00, 0x73, 0x00, 0x6f, 0x00, 0x66, 0x00, 0x74, 0x00, 0x20, 0x00,
    0x53, 0x00, 0x61, 0x00, 0x6e, 0x00, 0x73, 0x00, 0x20, 0x00, 0x53, 0x00, 0x65, 0x00, 0x72, 0x00,
    0x69, 0x00, 0x66, 0x00, 0x00, 0x00, 0xf0, 0x77, 0x00, 0x20, 0x14, 0x00, 0x00, 0x00, 0x00, 0x10,
    0x80, 0x05, 0x14, 0x00, 0xf0, 0x1f, 0x14, 0x00, 0x00, 0x00, 0x14, 0x00, 0x12, 0x00, 0x00, 0x00,
    0x12, 0x00, 0x00, 0x00, 0xf5, 0xff, 0xff, 0xff, 0x00, 0x00, 0x00, 0x00, 0x00, 0x00, 0x00, 0x00,
    0x00, 0x00, 0x00, 0x00, 0x90, 0x01, 0x00, 0x00, 0x00, 0x00, 0x00, 0x00, 0x00, 0x00, 0x00, 0x00,
    0x54, 0x00, 0x61, 0x00, 0x68, 0x00, 0x6f, 0x00, 0x6d, 0x00, 0x61, 0x00, 0x00, 0x00, 0x20, 0x00,
    0x53, 0x00, 0x65, 0x00, 0x72, 0x00, 0x69, 0x00, 0x66, 0x00, 0x00, 0x00, 0x6e, 0x00, 0x00, 0x00,
    0x00, 0x00, 0x00, 0x00, 0x00, 0x00, 0x00, 0x00, 0x80, 0x05, 0x14, 0x00, 0x88, 0xfb, 0xe8, 0x77,
    0x02, 0x02, 0x00, 0x00, 0xac, 0xb9, 0xf0, 0x77, 0x00, 0x00, 0x00, 0x00, 0x20, 0x00, 0x00, 0x00,
    0xf5, 0xff, 0xff, 0xff, 0x00, 0x00, 0x00, 0x00, 0x00, 0x00, 0x00, 0x00, 0x00, 0x00, 0x00, 0x00,
    0x90, 0x01, 0x00, 0x00, 0x00, 0x00, 0x00, 0x00, 0x00, 0x00, 0x00, 0x00, 0x54, 0x00, 0x61, 0x00,
    0x68, 0x00, 0x6f, 0x00, 0x6d, 0x00, 0x61, 0x00, 0x00, 0x00, 0x20, 0x00, 0x53, 0x00, 0x65, 0x00,
    0x72, 0x00, 0x69, 0x00, 0x66, 0x00, 0x00, 0x00, 0x6e, 0x00, 0x00, 0x00, 0xb4, 0xc0, 0xf0, 0x77,
    0x00, 0x00, 0x00, 0x00, 0x00, 0x00, 0x00, 0x00, 0x00, 0x00, 0x00, 0x00, 0x00, 0x00, 0x00, 0x00,
    0x00, 0x00, 0x00, 0x00, 0x7c, 0x6b, 0xe8, 0x77, 0x00, 0x00, 0x00, 0x00, 0xf5, 0xff, 0xff, 0xff,
    0x00, 0x00, 0x00, 0x00, 0x00, 0x00, 0x00, 0x00, 0x00, 0x00, 0x00, 0x00, 0x90, 0x01, 0x00, 0x00,
    0x00, 0x00, 0x00, 0x00, 0x00, 0x00, 0x00, 0x00, 0x54, 0x00, 0x61, 0x00, 0x68, 0x00, 0x6f, 0x00,
    0x6d, 0x00, 0x61, 0x00, 0x00, 0x00, 0x20, 0x00, 0x53, 0x00, 0x65, 0x00, 0x72, 0x00, 0x69, 0x00,
    0x66, 0x00, 0x00, 0x00, 0x6e, 0x00, 0x00, 0x00, 0xc8, 0x0b, 0x00, 0x00, 0x00, 0x00, 0x00, 0x00,
    0x08, 0x00, 0x00, 0x00, 0x06, 0x00, 0x00, 0x00, 0x18, 0x00, 0x00, 0x00, 0xff, 0xff, 0xff, 0xff,
    0xf0, 0x4b, 0x21, 0xfc, 0x00, 0xc4, 0xf0, 0x77, 0xf5, 0xff, 0xff, 0xff, 0x00, 0x00, 0x00, 0x00,
    0x00, 0x00, 0x00, 0x00, 0x00, 0x00, 0x00, 0x00, 0x90, 0x01, 0x00, 0x00, 0x00, 0x00, 0x00, 0x00,
    0x00, 0x00, 0x00, 0x00, 0x54, 0x00, 0x61, 0x00, 0x68, 0x00, 0x6f, 0x00, 0x6d, 0x00, 0x61, 0x00,
    0x00, 0x00, 0x20, 0x00, 0x53, 0x00, 0x65, 0x00, 0x72, 0x00, 0x69, 0x00, 0x66, 0x00, 0x00, 0x00,
    0x00, 0x00, 0x00, 0x00, 0x00, 0x00, 0x00, 0x00, 0x00, 0x00, 0x00, 0x00, 0xc0, 0x1d, 0x14, 0x00,
    0x0b, 0x00, 0x00, 0x00, 0x00, 0xff, 0x12, 0x00, 0x50, 0x00, 0x00, 0x00, 0xc0, 0xfe, 0x12, 0x00,
    0x0c, 0x10, 0x00, 0x01, 0xc0, 0xc0, 0xc0, 0x02, 0x00, 0x00, 0x00, 0x02, 0x80, 0x00, 0x80, 0x00,
    0x80, 0x80, 0x80, 0x00, 0xc0, 0xc0, 0xc0, 0x00, 0xff, 0xff, 0xff, 0x02, 0x00, 0x00, 0x00, 0x02,
    0x00, 0x00, 0x00, 0x00, 0x00, 0x00, 0x00, 0x00, 0xff, 0xff, 0xff, 0x00, 0xc0, 0xc0, 0xc0, 0x02,
    0xc0, 0xc0, 0xc0, 0x02, 0x80, 0x80, 0x80, 0x02, 0x80, 0x00, 0x80, 0x00, 0xff, 0xff, 0xff, 0x00,
    0xc0, 0xc0, 0xc0, 0x02, 0x80, 0x80, 0x80, 0x02, 0x80, 0x80, 0x80, 0x02, 0x00, 0x00, 0x00, 0x02,
    0xc0, 0xc0, 0xc0, 0x00, 0xff, 0xff, 0xff, 0x02, 0x00, 0x00, 0x00, 0x02, 0xc0, 0xc0, 0xc0, 0x02,
    0x80, 0x00, 0x80, 0x00, 0xff, 0xff, 0xff, 0x00, 0xc0, 0xc0, 0xc0, 0x00, 0x80, 0x00, 0x80, 0x02,
    0x38, 0x8c, 0xb0, 0x00, 0xa8, 0xac, 0xa8, 0x00,
];
const SCHEME_TEAL_VGA: &[u8] = &[
    0x02, 0x00, 0x00, 0x00, 0x03, 0x00, 0x00, 0x00, 0x01, 0x00, 0x00, 0x00, 0x0d, 0x00, 0x00, 0x00,
    0x0d, 0x00, 0x00, 0x00, 0x12, 0x00, 0x00, 0x00, 0x12, 0x00, 0x00, 0x00, 0xf5, 0xff, 0xff, 0xff,
    0x00, 0x00, 0x00, 0x00, 0x00, 0x00, 0x00, 0x00, 0x00, 0x00, 0x00, 0x00, 0xbc, 0x02, 0x00, 0x00,
    0x00, 0x00, 0x00, 0x00, 0x00, 0x00, 0x00, 0x00, 0x4d, 0x00, 0x69, 0x00, 0x63, 0x00, 0x72, 0x00,
    0x6f, 0x00, 0x73, 0x00, 0x6f, 0x00, 0x66, 0x00, 0x74, 0x00, 0x20, 0x00, 0x53, 0x00, 0x61, 0x00,
    0x6e, 0x00, 0x73, 0x00, 0x20, 0x00, 0x53, 0x00, 0x65, 0x00, 0x72, 0x00, 0x69, 0x00, 0x66, 0x00,
    0x00, 0x00, 0xfc, 0x7f, 0x22, 0x14, 0xfc, 0x7f, 0xb0, 0xfe, 0x12, 0x00, 0x00, 0x00, 0x00, 0x00,
    0x00, 0x00, 0x00, 0x00, 0x98, 0x23, 0xeb, 0x77, 0x0f, 0x00, 0x00, 0x00, 0x0f, 0x00, 0x00, 0x00,
    0xf5, 0xff, 0xff, 0xff, 0x00, 0x00, 0x00, 0x00, 0x00, 0x00, 0x00, 0x00, 0x00, 0x00, 0x00, 0x00,
    0x90, 0x01, 0x00, 0x00, 0x00, 0x00, 0x00, 0x00, 0x00, 0x00, 0x00, 0x00, 0x4d, 0x00, 0x69, 0x00,
    0x63, 0x00, 0x72, 0x00, 0x6f, 0x00, 0x73, 0x00, 0x6f, 0x00, 0x66, 0x00, 0x74, 0x00, 0x20, 0x00,
    0x53, 0x00, 0x61, 0x00, 0x6e, 0x00, 0x73, 0x00, 0x20, 0x00, 0x53, 0x00, 0x65, 0x00, 0x72, 0x00,
    0x69, 0x00, 0x66, 0x00, 0x00, 0x00, 0xf0, 0x77, 0x00, 0x20, 0x14, 0x00, 0x00, 0x00, 0x00, 0x10,
    0x80, 0x05, 0x14, 0x00, 0xf0, 0x1f, 0x14, 0x00, 0x00, 0x00, 0x14, 0x00, 0x12, 0x00, 0x00, 0x00,
    0x12, 0x00, 0x00, 0x00, 0xf5, 0xff, 0xff, 0xff, 0x00, 0x00, 0x00, 0x00, 0x00, 0x00, 0x00, 0x00,
    0x00, 0x00, 0x00, 0x00, 0x90, 0x01, 0x00, 0x00, 0x00, 0x00, 0x00, 0x00, 0x00, 0x00, 0x00, 0x00,
    0x4d, 0x00, 0x69, 0x00, 0x63, 0x00, 0x72, 0x00, 0x6f, 0x00, 0x73, 0x00, 0x6f, 0x00, 0x66, 0x00,
    0x74, 0x00, 0x20, 0x00, 0x53, 0x00, 0x61, 0x00, 0x6e, 0x00, 0x73, 0x00, 0x20, 0x00, 0x53, 0x00,
    0x65, 0x00, 0x72, 0x00, 0x69, 0x00, 0x66, 0x00, 0x00, 0x00, 0x14, 0x00, 0x88, 0xfb, 0xe8, 0x77,
    0x02, 0x02, 0x00, 0x00, 0xac, 0xb9, 0xf0, 0x77, 0x00, 0x00, 0x00, 0x00, 0x20, 0x00, 0x00, 0x00,
    0xf5, 0xff, 0xff, 0xff, 0x00, 0x00, 0x00, 0x00, 0x00, 0x00, 0x00, 0x00, 0x00, 0x00, 0x00, 0x00,
    0x90, 0x01, 0x00, 0x00, 0x00, 0x00, 0x00, 0x00, 0x00, 0x00, 0x00, 0x00, 0x4d, 0x00, 0x69, 0x00,
    0x63, 0x00, 0x72, 0x00, 0x6f, 0x00, 0x73, 0x00, 0x6f, 0x00, 0x66, 0x00, 0x74, 0x00, 0x20, 0x00,
    0x53, 0x00, 0x61, 0x00, 0x6e, 0x00, 0x73, 0x00, 0x20, 0x00, 0x53, 0x00, 0x65, 0x00, 0x72, 0x00,
    0x69, 0x00, 0x66, 0x00, 0x00, 0x00, 0x00, 0x00, 0x00, 0x00, 0x00, 0x00, 0x00, 0x00, 0x00, 0x00,
    0x00, 0x00, 0x00, 0x00, 0x7c, 0x6b, 0xe8, 0x77, 0x00, 0x00, 0x00, 0x00, 0xf5, 0xff, 0xff, 0xff,
    0x00, 0x00, 0x00, 0x00, 0x00, 0x00, 0x00, 0x00, 0x00, 0x00, 0x00, 0x00, 0x90, 0x01, 0x00, 0x00,
    0x00, 0x00, 0x00, 0x00, 0x00, 0x00, 0x00, 0x00, 0x4d, 0x00, 0x69, 0x00, 0x63, 0x00, 0x72, 0x00,
    0x6f, 0x00, 0x73, 0x00, 0x6f, 0x00, 0x66, 0x00, 0x74, 0x00, 0x20, 0x00, 0x53, 0x00, 0x61, 0x00,
    0x6e, 0x00, 0x73, 0x00, 0x20, 0x00, 0x53, 0x00, 0x65, 0x00, 0x72, 0x00, 0x69, 0x00, 0x66, 0x00,
    0x00, 0x00, 0x00, 0x00, 0x06, 0x00, 0x00, 0x00, 0x18, 0x00, 0x00, 0x00, 0xff, 0xff, 0xff, 0xff,
    0xf0, 0x4b, 0x21, 0xfc, 0x00, 0xc4, 0xf0, 0x77, 0xf5, 0xff, 0xff, 0xff, 0x00, 0x00, 0x00, 0x00,
    0x00, 0x00, 0x00, 0x00, 0x00, 0x00, 0x00, 0x00, 0x90, 0x01, 0x00, 0x00, 0x00, 0x00, 0x00, 0x00,
    0x00, 0x00, 0x00, 0x00, 0x4d, 0x00, 0x69, 0x00, 0x63, 0x00, 0x72, 0x00, 0x6f, 0x00, 0x73, 0x00,
    0x6f, 0x00, 0x66, 0x00, 0x74, 0x00, 0x20, 0x00, 0x53, 0x00, 0x61, 0x00, 0x6e, 0x00, 0x73, 0x00,
    0x20, 0x00, 0x53, 0x00, 0x65, 0x00, 0x72, 0x00, 0x69, 0x00, 0x66, 0x00, 0x00, 0x00, 0x14, 0x00,
    0x0b, 0x00, 0x00, 0x00, 0x00, 0xff, 0x12, 0x00, 0x50, 0x00, 0x00, 0x00, 0xc0, 0xfe, 0x12, 0x00,
    0x0c, 0x10, 0x00, 0x01, 0xc0, 0xc0, 0xc0, 0x02, 0x00, 0x40, 0x40, 0x00, 0x00, 0x80, 0x80, 0x00,
    0x80, 0x80, 0x80, 0x00, 0xc0, 0xc0, 0xc0, 0x00, 0xff, 0xff, 0xff, 0x02, 0x00, 0x00, 0x00, 0x02,
    0x00, 0x00, 0x00, 0x00, 0x00, 0x00, 0x00, 0x00, 0xff, 0xff, 0xff, 0x00, 0xc0, 0xc0, 0xc0, 0x02,
    0xc0, 0xc0, 0xc0, 0x02, 0x80, 0x80, 0x80, 0x02, 0x00, 0x80, 0x80, 0x00, 0xff, 0xff, 0xff, 0x00,
    0xc0, 0xc0, 0xc0, 0x02, 0x80, 0x80, 0x80, 0x02, 0x80, 0x80, 0x80, 0x02, 0x00, 0x00, 0x00, 0x02,
    0xff, 0xfb, 0xf0, 0x00, 0xff, 0xff, 0xff, 0x02, 0x00, 0x00, 0x00, 0x02, 0xc0, 0xc0, 0xc0, 0x02,
    0x00, 0x00, 0x00, 0x00, 0xff, 0xff, 0xff, 0x00, 0xc0, 0xc0, 0xc0, 0x00, 0x00, 0x80, 0x80, 0x02,
    0x00, 0xcc, 0xd8, 0x00, 0x98, 0xc8, 0xb8, 0x00,
];
const SCHEME_WHEAT: &[u8] = &[
    0x02, 0x00, 0x00, 0x00, 0x06, 0x00, 0x00, 0x00, 0x01, 0x00, 0x00, 0x00, 0x0d, 0x00, 0x00, 0x00,
    0x0d, 0x00, 0x00, 0x00, 0x12, 0x00, 0x00, 0x00, 0x12, 0x00, 0x00, 0x00, 0xf5, 0xff, 0xff, 0xff,
    0x00, 0x00, 0x00, 0x00, 0x00, 0x00, 0x00, 0x00, 0x00, 0x00, 0x00, 0x00, 0xbc, 0x02, 0x00, 0x00,
    0x00, 0x00, 0x00, 0x00, 0x00, 0x00, 0x00, 0x00, 0x4d, 0x00, 0x69, 0x00, 0x63, 0x00, 0x72, 0x00,
    0x6f, 0x00, 0x73, 0x00, 0x6f, 0x00, 0x66, 0x00, 0x74, 0x00, 0x20, 0x00, 0x53, 0x00, 0x61, 0x00,
    0x6e, 0x00, 0x73, 0x00, 0x20, 0x00, 0x53, 0x00, 0x65, 0x00, 0x72, 0x00, 0x69, 0x00, 0x66, 0x00,
    0x00, 0x00, 0xfc, 0x7f, 0x22, 0x14, 0xfc, 0x7f, 0xb0, 0xfe, 0x12, 0x00, 0x00, 0x00, 0x00, 0x00,
    0x00, 0x00, 0x00, 0x00, 0x98, 0x23, 0xeb, 0x77, 0x0f, 0x00, 0x00, 0x00, 0x0f, 0x00, 0x00, 0x00,
    0xf5, 0xff, 0xff, 0xff, 0x00, 0x00, 0x00, 0x00, 0x00, 0x00, 0x00, 0x00, 0x00, 0x00, 0x00, 0x00,
    0x90, 0x01, 0x00, 0x00, 0x00, 0x00, 0x00, 0x00, 0x00, 0x00, 0x00, 0x00, 0x4d, 0x00, 0x69, 0x00,
    0x63, 0x00, 0x72, 0x00, 0x6f, 0x00, 0x73, 0x00, 0x6f, 0x00, 0x66, 0x00, 0x74, 0x00, 0x20, 0x00,
    0x53, 0x00, 0x61, 0x00, 0x6e, 0x00, 0x73, 0x00, 0x20, 0x00, 0x53, 0x00, 0x65, 0x00, 0x72, 0x00,
    0x69, 0x00, 0x66, 0x00, 0x00, 0x00, 0xf0, 0x77, 0x00, 0x20, 0x14, 0x00, 0x00, 0x00, 0x00, 0x10,
    0x80, 0x05, 0x14, 0x00, 0xf0, 0x1f, 0x14, 0x00, 0x00, 0x00, 0x14, 0x00, 0x12, 0x00, 0x00, 0x00,
    0x12, 0x00, 0x00, 0x00, 0xf5, 0xff, 0xff, 0xff, 0x00, 0x00, 0x00, 0x00, 0x00, 0x00, 0x00, 0x00,
    0x00, 0x00, 0x00, 0x00, 0x90, 0x01, 0x00, 0x00, 0x00, 0x00, 0x00, 0x00, 0x00, 0x00, 0x00, 0x00,
    0x4d, 0x00, 0x69, 0x00, 0x63, 0x00, 0x72, 0x00, 0x6f, 0x00, 0x73, 0x00, 0x6f, 0x00, 0x66, 0x00,
    0x74, 0x00, 0x20, 0x00, 0x53, 0x00, 0x61, 0x00, 0x6e, 0x00, 0x73, 0x00, 0x20, 0x00, 0x53, 0x00,
    0x65, 0x00, 0x72, 0x00, 0x69, 0x00, 0x66, 0x00, 0x00, 0x00, 0x14, 0x00, 0x88, 0xfb, 0xe8, 0x77,
    0x02, 0x02, 0x00, 0x00, 0xac, 0xb9, 0xf0, 0x77, 0x00, 0x00, 0x00, 0x00, 0x20, 0x00, 0x00, 0x00,
    0xf5, 0xff, 0xff, 0xff, 0x00, 0x00, 0x00, 0x00, 0x00, 0x00, 0x00, 0x00, 0x00, 0x00, 0x00, 0x00,
    0x90, 0x01, 0x00, 0x00, 0x00, 0x00, 0x00, 0x00, 0x00, 0x00, 0x00, 0x00, 0x4d, 0x00, 0x69, 0x00,
    0x63, 0x00, 0x72, 0x00, 0x6f, 0x00, 0x73, 0x00, 0x6f, 0x00, 0x66, 0x00, 0x74, 0x00, 0x20, 0x00,
    0x53, 0x00, 0x61, 0x00, 0x6e, 0x00, 0x73, 0x00, 0x20, 0x00, 0x53, 0x00, 0x65, 0x00, 0x72, 0x00,
    0x69, 0x00, 0x66, 0x00, 0x00, 0x00, 0x00, 0x00, 0x00, 0x00, 0x00, 0x00, 0x00, 0x00, 0x00, 0x00,
    0x00, 0x00, 0x00, 0x00, 0x7c, 0x6b, 0xe8, 0x77, 0x00, 0x00, 0x00, 0x00, 0xf5, 0xff, 0xff, 0xff,
    0x00, 0x00, 0x00, 0x00, 0x00, 0x00, 0x00, 0x00, 0x00, 0x00, 0x00, 0x00, 0x90, 0x01, 0x00, 0x00,
    0x00, 0x00, 0x00, 0x00, 0x00, 0x00, 0x00, 0x00, 0x4d, 0x00, 0x69, 0x00, 0x63, 0x00, 0x72, 0x00,
    0x6f, 0x00, 0x73, 0x00, 0x6f, 0x00, 0x66, 0x00, 0x74, 0x00, 0x20, 0x00, 0x53, 0x00, 0x61, 0x00,
    0x6e, 0x00, 0x73, 0x00, 0x20, 0x00, 0x53, 0x00, 0x65, 0x00, 0x72, 0x00, 0x69, 0x00, 0x66, 0x00,
    0x00, 0x00, 0x00, 0x00, 0x06, 0x00, 0x00, 0x00, 0x18, 0x00, 0x00, 0x00, 0xff, 0xff, 0xff, 0xff,
    0xf0, 0x4b, 0x21, 0xfc, 0x00, 0xc4, 0xf0, 0x77, 0xf5, 0xff, 0xff, 0xff, 0x00, 0x00, 0x00, 0x00,
    0x00, 0x00, 0x00, 0x00, 0x00, 0x00, 0x00, 0x00, 0x90, 0x01, 0x00, 0x00, 0x00, 0x00, 0x00, 0x00,
    0x00, 0x00, 0x00, 0x00, 0x4d, 0x00, 0x69, 0x00, 0x63, 0x00, 0x72, 0x00, 0x6f, 0x00, 0x73, 0x00,
    0x6f, 0x00, 0x66, 0x00, 0x74, 0x00, 0x20, 0x00, 0x53, 0x00, 0x61, 0x00, 0x6e, 0x00, 0x73, 0x00,
    0x20, 0x00, 0x53, 0x00, 0x65, 0x00, 0x72, 0x00, 0x69, 0x00, 0x66, 0x00, 0x00, 0x00, 0x14, 0x00,
    0x0b, 0x00, 0x00, 0x00, 0x00, 0xff, 0x12, 0x00, 0x50, 0x00, 0x00, 0x00, 0xc0, 0xfe, 0x12, 0x00,
    0x0c, 0x10, 0x00, 0x01, 0xee, 0xee, 0xd0, 0x02, 0x00, 0x40, 0x1d, 0x02, 0x80, 0x80, 0x00, 0x00,
    0xbc, 0xbc, 0x41, 0x00, 0xde, 0xde, 0xa0, 0x00, 0xff, 0xff, 0xff, 0x02, 0x00, 0x00, 0x00, 0x02,
    0x00, 0x00, 0x00, 0x00, 0x00, 0x00, 0x00, 0x00, 0xff, 0xff, 0xff, 0x00, 0xde, 0xde, 0xa0, 0x02,
    0xde, 0xde, 0xa0, 0x02, 0xbc, 0xbc, 0x41, 0x02, 0x80, 0x80, 0x00, 0x00, 0xff, 0xff, 0xff, 0x00,
    0xde, 0xde, 0xa0, 0x02, 0xbc, 0xbc, 0x41, 0x02, 0xbc, 0xbc, 0x41, 0x02, 0x00, 0x00, 0x00, 0x02,
    0xff, 0xff, 0xff, 0x00, 0xee, 0xee, 0xd0, 0x02, 0x00, 0x00, 0x00, 0x02, 0xde, 0xde, 0xa0, 0x02,
    0x00, 0x00, 0x00, 0x00, 0xff, 0xff, 0xff, 0x00, 0xc0, 0xc0, 0xc0, 0x02, 0x80, 0x80, 0x00, 0x02,
    0xc8, 0xb0, 0x48, 0x00, 0xb8, 0xb8, 0x80, 0x00,
];
const SCHEME_WINDOWS_CLASSIC: &[u8] = &[
    0x02, 0x00, 0x00, 0x00, 0x03, 0x00, 0x00, 0x00, 0x01, 0x00, 0x00, 0x00, 0x10, 0x00, 0x00, 0x00,
    0x10, 0x00, 0x00, 0x00, 0x12, 0x00, 0x00, 0x00, 0x12, 0x00, 0x00, 0x00, 0xf5, 0xff, 0xff, 0xff,
    0x00, 0x00, 0x00, 0x00, 0x00, 0x00, 0x00, 0x00, 0x00, 0x00, 0x00, 0x00, 0xbc, 0x02, 0x00, 0x00,
    0x00, 0x00, 0x00, 0x00, 0x00, 0x00, 0x00, 0x00, 0x4d, 0x00, 0x69, 0x00, 0x63, 0x00, 0x72, 0x00,
    0x6f, 0x00, 0x73, 0x00, 0x6f, 0x00, 0x66, 0x00, 0x74, 0x00, 0x20, 0x00, 0x53, 0x00, 0x61, 0x00,
    0x6e, 0x00, 0x73, 0x00, 0x20, 0x00, 0x53, 0x00, 0x65, 0x00, 0x72, 0x00, 0x69, 0x00, 0x66, 0x00,
    0x00, 0x00, 0xfc, 0x7f, 0x22, 0x14, 0xfc, 0x7f, 0xb0, 0xfe, 0x12, 0x00, 0x00, 0x00, 0x00, 0x00,
    0x00, 0x00, 0x00, 0x00, 0x98, 0x23, 0xeb, 0x77, 0x0f, 0x00, 0x00, 0x00, 0x0f, 0x00, 0x00, 0x00,
    0xf5, 0xff, 0xff, 0xff, 0x00, 0x00, 0x00, 0x00, 0x00, 0x00, 0x00, 0x00, 0x00, 0x00, 0x00, 0x00,
    0xbc, 0x02, 0x00, 0x00, 0x00, 0x00, 0x00, 0x00, 0x00, 0x00, 0x00, 0x00, 0x4d, 0x00, 0x69, 0x00,
    0x63, 0x00, 0x72, 0x00, 0x6f, 0x00, 0x73, 0x00, 0x6f, 0x00, 0x66, 0x00, 0x74, 0x00, 0x20, 0x00,
    0x53, 0x00, 0x61, 0x00, 0x6e, 0x00, 0x73, 0x00, 0x20, 0x00, 0x53, 0x00, 0x65, 0x00, 0x72, 0x00,
    0x69, 0x00, 0x66, 0x00, 0x00, 0x00, 0xf0, 0x77, 0x00, 0x20, 0x14, 0x00, 0x00, 0x00, 0x00, 0x10,
    0x80, 0x05, 0x14, 0x00, 0xf0, 0x1f, 0x14, 0x00, 0x00, 0x00, 0x14, 0x00, 0x12, 0x00, 0x00, 0x00,
    0x12, 0x00, 0x00, 0x00, 0xf5, 0xff, 0xff, 0xff, 0x00, 0x00, 0x00, 0x00, 0x00, 0x00, 0x00, 0x00,
    0x00, 0x00, 0x00, 0x00, 0x90, 0x01, 0x00, 0x00, 0x00, 0x00, 0x00, 0x00, 0x00, 0x00, 0x00, 0x00,
    0x4d, 0x00, 0x69, 0x00, 0x63, 0x00, 0x72, 0x00, 0x6f, 0x00, 0x73, 0x00, 0x6f, 0x00, 0x66, 0x00,
    0x74, 0x00, 0x20, 0x00, 0x53, 0x00, 0x61, 0x00, 0x6e, 0x00, 0x73, 0x00, 0x20, 0x00, 0x53, 0x00,
    0x65, 0x00, 0x72, 0x00, 0x69, 0x00, 0x66, 0x00, 0x00, 0x00, 0x14, 0x00, 0x88, 0xfb, 0xe8, 0x77,
    0x02, 0x02, 0x00, 0x00, 0xac, 0xb9, 0xf0, 0x77, 0x00, 0x00, 0x00, 0x00, 0x20, 0x00, 0x00, 0x00,
    0xf5, 0xff, 0xff, 0xff, 0x00, 0x00, 0x00, 0x00, 0x00, 0x00, 0x00, 0x00, 0x00, 0x00, 0x00, 0x00,
    0x90, 0x01, 0x00, 0x00, 0x00, 0x00, 0x00, 0x00, 0x00, 0x00, 0x00, 0x00, 0x4d, 0x00, 0x69, 0x00,
    0x63, 0x00, 0x72, 0x00, 0x6f, 0x00, 0x73, 0x00, 0x6f, 0x00, 0x66, 0x00, 0x74, 0x00, 0x20, 0x00,
    0x53, 0x00, 0x61, 0x00, 0x6e, 0x00, 0x73, 0x00, 0x20, 0x00, 0x53, 0x00, 0x65, 0x00, 0x72, 0x00,
    0x69, 0x00, 0x66, 0x00, 0x00, 0x00, 0x00, 0x00, 0x00, 0x00, 0x00, 0x00, 0x00, 0x00, 0x00, 0x00,
    0x00, 0x00, 0x00, 0x00, 0x7c, 0x6b, 0xe8, 0x77, 0x00, 0x00, 0x00, 0x00, 0xf5, 0xff, 0xff, 0xff,
    0x00, 0x00, 0x00, 0x00, 0x00, 0x00, 0x00, 0x00, 0x00, 0x00, 0x00, 0x00, 0x90, 0x01, 0x00, 0x00,
    0x00, 0x00, 0x00, 0x00, 0x00, 0x00, 0x00, 0x00, 0x4d, 0x00, 0x69, 0x00, 0x63, 0x00, 0x72, 0x00,
    0x6f, 0x00, 0x73, 0x00, 0x6f, 0x00, 0x66, 0x00, 0x74, 0x00, 0x20, 0x00, 0x53, 0x00, 0x61, 0x00,
    0x6e, 0x00, 0x73, 0x00, 0x20, 0x00, 0x53, 0x00, 0x65, 0x00, 0x72, 0x00, 0x69, 0x00, 0x66, 0x00,
    0x00, 0x00, 0x00, 0x00, 0x06, 0x00, 0x00, 0x00, 0x18, 0x00, 0x00, 0x00, 0xff, 0xff, 0xff, 0xff,
    0xf0, 0x4b, 0x21, 0xfc, 0x00, 0xc4, 0xf0, 0x77, 0xf5, 0xff, 0xff, 0xff, 0x00, 0x00, 0x00, 0x00,
    0x00, 0x00, 0x00, 0x00, 0x00, 0x00, 0x00, 0x00, 0x90, 0x01, 0x00, 0x00, 0x00, 0x00, 0x00, 0x00,
    0x00, 0x00, 0x00, 0x00, 0x4d, 0x00, 0x69, 0x00, 0x63, 0x00, 0x72, 0x00, 0x6f, 0x00, 0x73, 0x00,
    0x6f, 0x00, 0x66, 0x00, 0x74, 0x00, 0x20, 0x00, 0x53, 0x00, 0x61, 0x00, 0x6e, 0x00, 0x73, 0x00,
    0x20, 0x00, 0x53, 0x00, 0x65, 0x00, 0x72, 0x00, 0x69, 0x00, 0x66, 0x00, 0x00, 0x00, 0x14, 0x00,
    0x0b, 0x00, 0x00, 0x00, 0x00, 0xff, 0x12, 0x00, 0x50, 0x00, 0x00, 0x00, 0xc0, 0xfe, 0x12, 0x00,
    0x0c, 0x10, 0x00, 0x01, 0xc0, 0xc0, 0xc0, 0x00, 0x3a, 0x6e, 0xa5, 0x00, 0x00, 0x00, 0x80, 0x00,
    0x80, 0x80, 0x80, 0x00, 0xc0, 0xc0, 0xc0, 0x00, 0xff, 0xff, 0xff, 0x00, 0x00, 0x00, 0x00, 0x00,
    0x00, 0x00, 0x00, 0x00, 0x00, 0x00, 0x00, 0x00, 0xff, 0xff, 0xff, 0x00, 0xc0, 0xc0, 0xc0, 0x00,
    0xc0, 0xc0, 0xc0, 0x00, 0x80, 0x80, 0x80, 0x00, 0x00, 0x00, 0x80, 0x00, 0xff, 0xff, 0xff, 0x00,
    0xc0, 0xc0, 0xc0, 0x00, 0x80, 0x80, 0x80, 0x00, 0x80, 0x80, 0x80, 0x00, 0x00, 0x00, 0x00, 0x00,
    0xc0, 0xc0, 0xc0, 0x00, 0xff, 0xff, 0xff, 0x00, 0x00, 0x00, 0x00, 0x00, 0xc0, 0xc0, 0xc0, 0x00,
    0x00, 0x00, 0x00, 0x00, 0xff, 0xff, 0xe1, 0x00, 0xc0, 0xc0, 0xc0, 0x00, 0x00, 0x00, 0x80, 0x00,
    0x10, 0x84, 0xd0, 0x00, 0xb5, 0xb5, 0xb5, 0x00,
];
const SCHEME_WINDOWS_CLASSIC_EXTRA_LARGE: &[u8] = &[
    0x02, 0x00, 0x00, 0x00, 0x03, 0x00, 0x00, 0x00, 0x01, 0x00, 0x00, 0x00, 0x15, 0x00, 0x00, 0x00,
    0x15, 0x00, 0x00, 0x00, 0x18, 0x00, 0x00, 0x00, 0x18, 0x00, 0x00, 0x00, 0xed, 0xff, 0xff, 0xff,
    0x00, 0x00, 0x00, 0x00, 0x00, 0x00, 0x00, 0x00, 0x00, 0x00, 0x00, 0x00, 0xbc, 0x02, 0x00, 0x00,
    0x00, 0x00, 0x00, 0x00, 0x00, 0x00, 0x00, 0x00, 0x54, 0x00, 0x61, 0x00, 0x68, 0x00, 0x6f, 0x00,
    0x6d, 0x00, 0x61, 0x00, 0x00, 0x00, 0x20, 0x00, 0x53, 0x00, 0x65, 0x00, 0x72, 0x00, 0x69, 0x00,
    0x66, 0x00, 0x00, 0x00, 0x6e, 0x00, 0x00, 0x00, 0x00, 0x00, 0x00, 0x00, 0x00, 0x00, 0x78, 0x00,
    0x1c, 0x10, 0xfc, 0x7f, 0x22, 0x14, 0xfc, 0x7f, 0xb0, 0xfe, 0x12, 0x00, 0x00, 0x00, 0x00, 0x00,
    0x00, 0x00, 0x00, 0x00, 0x98, 0x23, 0xeb, 0x77, 0x12, 0x00, 0x00, 0x00, 0x12, 0x00, 0x00, 0x00,
    0xf3, 0xff, 0xff, 0xff, 0x00, 0x00, 0x00, 0x00, 0x00, 0x00, 0x00, 0x00, 0x00, 0x00, 0x00, 0x00,
    0xbc, 0x02, 0x00, 0x00, 0x00, 0x00, 0x00, 0x00, 0x00, 0x00, 0x00, 0x00, 0x54, 0x00, 0x61, 0x00,
    0x68, 0x00, 0x6f, 0x00, 0x6d, 0x00, 0x61, 0x00, 0x00, 0x00, 0x6f, 0x00, 0x6e, 0x00, 0x74, 0x00,
    0x73, 0x00, 0x00, 0x00, 0x66, 0x00, 0x00, 0x00, 0x6e, 0x00, 0x00, 0x00, 0x00, 0x00, 0x00, 0x00,
    0x00, 0x20, 0x14, 0x00, 0xac, 0xb9, 0xf0, 0x77, 0x00, 0x20, 0x14, 0x00, 0x00, 0x00, 0x00, 0x10,
    0x80, 0x05, 0x14, 0x00, 0xf0, 0x1f, 0x14, 0x00, 0x00, 0x00, 0x14, 0x00, 0x15, 0x00, 0x00, 0x00,
    0x15, 0x00, 0x00, 0x00, 0xf0, 0xff, 0xff, 0xff, 0x00, 0x00, 0x00, 0x00, 0x00, 0x00, 0x00, 0x00,
    0x00, 0x00, 0x00, 0x00, 0x90, 0x01, 0x00, 0x00, 0x00, 0x00, 0x00, 0x00, 0x00, 0x00, 0x00, 0x00,
    0x54, 0x00, 0x61, 0x00, 0x68, 0x00, 0x6f, 0x00, 0x6d, 0x00, 0x61, 0x00, 0x00, 0x00, 0x20, 0x00,
    0x53, 0x00, 0x65, 0x00, 0x72, 0x00, 0x69, 0x00, 0x66, 0x00, 0x00, 0x00, 0x6e, 0x00, 0x00, 0x00,
    0x00, 0x00, 0x00, 0x00, 0x00, 0x00, 0x00, 0x00, 0x80, 0x05, 0x14, 0x00, 0x88, 0xfb, 0xe8, 0x77,
    0x02, 0x02, 0x00, 0x00, 0xac, 0xb9, 0xf0, 0x77, 0x00, 0x00, 0x00, 0x00, 0x20, 0x00, 0x00, 0x00,
    0xf3, 0xff, 0xff, 0xff, 0x00, 0x00, 0x00, 0x00, 0x00, 0x00, 0x00, 0x00, 0x00, 0x00, 0x00, 0x00,
    0x90, 0x01, 0x00, 0x00, 0x00, 0x00, 0x00, 0x00, 0x00, 0x00, 0x00, 0x00, 0x54, 0x00, 0x61, 0x00,
    0x68, 0x00, 0x6f, 0x00, 0x6d, 0x00, 0x61, 0x00, 0x00, 0x00, 0x20, 0x00, 0x53, 0x00, 0x65, 0x00,
    0x72, 0x00, 0x69, 0x00, 0x66, 0x00, 0x00, 0x00, 0x6e, 0x00, 0x00, 0x00, 0xb4, 0xc0, 0xf0, 0x77,
    0x00, 0x00, 0x00, 0x00, 0x00, 0x00, 0x00, 0x00, 0x00, 0x00, 0x00, 0x00, 0x00, 0x00, 0x00, 0x00,
    0x00, 0x00, 0x00, 0x00, 0x7c, 0x6b, 0xe8, 0x77, 0x00, 0x00, 0x00, 0x00, 0xf0, 0xff, 0xff, 0xff,
    0x00, 0x00, 0x00, 0x00, 0x00, 0x00, 0x00, 0x00, 0x00, 0x00, 0x00, 0x00, 0x90, 0x01, 0x00, 0x00,
    0x00, 0x00, 0x00, 0x00, 0x00, 0x00, 0x00, 0x00, 0x54, 0x00, 0x61, 0x00, 0x68, 0x00, 0x6f, 0x00,
    0x6d, 0x00, 0x61, 0x00, 0x00, 0x00, 0x20, 0x00, 0x53, 0x00, 0x65, 0x00, 0x72, 0x00, 0x69, 0x00,
    0x66, 0x00, 0x00, 0x00, 0x6e, 0x00, 0x00, 0x00, 0xc8, 0x0b, 0x00, 0x00, 0x00, 0x00, 0x00, 0x00,
    0x08, 0x00, 0x00, 0x00, 0x06, 0x00, 0x00, 0x00, 0x18, 0x00, 0x00, 0x00, 0xff, 0xff, 0xff, 0xff,
    0xf0, 0x4b, 0x21, 0xfc, 0x00, 0xc4, 0xf0, 0x77, 0xf0, 0xff, 0xff, 0xff, 0x00, 0x00, 0x00, 0x00,
    0x00, 0x00, 0x00, 0x00, 0x00, 0x00, 0x00, 0x00, 0x90, 0x01, 0x00, 0x00, 0x00, 0x00, 0x00, 0x00,
    0x00, 0x00, 0x00, 0x00, 0x54, 0x00, 0x61, 0x00, 0x68, 0x00, 0x6f, 0x00, 0x6d, 0x00, 0x61, 0x00,
    0x00, 0x00, 0x20, 0x00, 0x53, 0x00, 0x65, 0x00, 0x72, 0x00, 0x69, 0x00, 0x66, 0x00, 0x00, 0x00,
    0x00, 0x00, 0x00, 0x00, 0x00, 0x00, 0x00, 0x00, 0x00, 0x00, 0x00, 0x00, 0xc0, 0x1d, 0x14, 0x00,
    0x0b, 0x00, 0x00, 0x00, 0x00, 0xff, 0x12, 0x00, 0x50, 0x00, 0x00, 0x00, 0xc0, 0xfe, 0x12, 0x00,
    0x0c, 0x10, 0x00, 0x01, 0xc0, 0xc0, 0xc0, 0x02, 0x3a, 0x6e, 0xa5, 0x02, 0x00, 0x00, 0x80, 0x00,
    0x80, 0x80, 0x80, 0x00, 0xc0, 0xc0, 0xc0, 0x00, 0xff, 0xff, 0xff, 0x02, 0x00, 0x00, 0x00, 0x02,
    0x00, 0x00, 0x00, 0x00, 0x00, 0x00, 0x00, 0x00, 0xff, 0xff, 0xff, 0x00, 0xc0, 0xc0, 0xc0, 0x02,
    0xc0, 0xc0, 0xc0, 0x02, 0x80, 0x80, 0x80, 0x02, 0x00, 0x00, 0x80, 0x00, 0xff, 0xff, 0xff, 0x00,
    0xc0, 0xc0, 0xc0, 0x02, 0x80, 0x80, 0x80, 0x02, 0x80, 0x80, 0x80, 0x02, 0x00, 0x00, 0x00, 0x02,
    0xc0, 0xc0, 0xc0, 0x00, 0xff, 0xff, 0xff, 0x02, 0x00, 0x00, 0x00, 0x02, 0xdf, 0xdf, 0xdf, 0x02,
    0x00, 0x00, 0x00, 0x00, 0xff, 0xff, 0xe1, 0x00, 0xc0, 0xc0, 0xc0, 0x00, 0x00, 0x00, 0x80, 0x02,
    0x10, 0x84, 0xd0, 0x00, 0xb5, 0xb5, 0xb5, 0x00,
];
const SCHEME_WINDOWS_CLASSIC_LARGE: &[u8] = &[
    0x02, 0x00, 0x00, 0x00, 0x03, 0x00, 0x00, 0x00, 0x01, 0x00, 0x00, 0x00, 0x12, 0x00, 0x00, 0x00,
    0x12, 0x00, 0x00, 0x00, 0x16, 0x00, 0x00, 0x00, 0x16, 0x00, 0x00, 0x00, 0xf0, 0xff, 0xff, 0xff,
    0x00, 0x00, 0x00, 0x00, 0x00, 0x00, 0x00, 0x00, 0x00, 0x00, 0x00, 0x00, 0xbc, 0x02, 0x00, 0x00,
    0x00, 0x00, 0x00, 0x00, 0x00, 0x00, 0x00, 0x00, 0x4d, 0x00, 0x69, 0x00, 0x63, 0x00, 0x72, 0x00,
    0x6f, 0x00, 0x73, 0x00, 0x6f, 0x00, 0x66, 0x00, 0x74, 0x00, 0x20, 0x00, 0x53, 0x00, 0x61, 0x00,
    0x6e, 0x00, 0x73, 0x00, 0x20, 0x00, 0x53, 0x00, 0x65, 0x00, 0x72, 0x00, 0x69, 0x00, 0x66, 0x00,
    0x00, 0x00, 0xfc, 0x7f, 0x22, 0x14, 0xfc, 0x7f, 0xb0, 0xfe, 0x12, 0x00, 0x00, 0x00, 0x00, 0x00,
    0x00, 0x00, 0x00, 0x00, 0x98, 0x23, 0xeb, 0x77, 0x12, 0x00, 0x00, 0x00, 0x12, 0x00, 0x00, 0x00,
    0xf3, 0xff, 0xff, 0xff, 0x00, 0x00, 0x00, 0x00, 0x00, 0x00, 0x00, 0x00, 0x00, 0x00, 0x00, 0x00,
    0xbc, 0x02, 0x00, 0x00, 0x00, 0x00, 0x00, 0x00, 0x00, 0x00, 0x00, 0x00, 0x4d, 0x00, 0x69, 0x00,
    0x63, 0x00, 0x72, 0x00, 0x6f, 0x00, 0x73, 0x00, 0x6f, 0x00, 0x66, 0x00, 0x74, 0x00, 0x20, 0x00,
    0x53, 0x00, 0x61, 0x00, 0x6e, 0x00, 0x73, 0x00, 0x20, 0x00, 0x53, 0x00, 0x65, 0x00, 0x72, 0x00,
    0x69, 0x00, 0x66, 0x00, 0x00, 0x00, 0xf0, 0x77, 0x00, 0x20, 0x14, 0x00, 0x00, 0x00, 0x00, 0x10,
    0x80, 0x05, 0x14, 0x00, 0xf0, 0x1f, 0x14, 0x00, 0x00, 0x00, 0x14, 0x00, 0x12, 0x00, 0x00, 0x00,
    0x12, 0x00, 0x00, 0x00, 0xf3, 0xff, 0xff, 0xff, 0x00, 0x00, 0x00, 0x00, 0x00, 0x00, 0x00, 0x00,
    0x00, 0x00, 0x00, 0x00, 0x90, 0x01, 0x00, 0x00, 0x00, 0x00, 0x00, 0x00, 0x00, 0x00, 0x00, 0x00,
    0x4d, 0x00, 0x69, 0x00, 0x63, 0x00, 0x72, 0x00, 0x6f, 0x00, 0x73, 0x00, 0x6f, 0x00, 0x66, 0x00,
    0x74, 0x00, 0x20, 0x00, 0x53, 0x00, 0x61, 0x00, 0x6e, 0x00, 0x73, 0x00, 0x20, 0x00, 0x53, 0x00,
    0x65, 0x00, 0x72, 0x00, 0x69, 0x00, 0x66, 0x00, 0x00, 0x00, 0x14, 0x00, 0x88, 0xfb, 0xe8, 0x77,
    0x02, 0x02, 0x00, 0x00, 0xac, 0xb9, 0xf0, 0x77, 0x00, 0x00, 0x00, 0x00, 0x20, 0x00, 0x00, 0x00,
    0xf3, 0xff, 0xff, 0xff, 0x00, 0x00, 0x00, 0x00, 0x00, 0x00, 0x00, 0x00, 0x00, 0x00, 0x00, 0x00,
    0x90, 0x01, 0x00, 0x00, 0x00, 0x00, 0x00, 0x00, 0x00, 0x00, 0x00, 0x00, 0x4d, 0x00, 0x69, 0x00,
    0x63, 0x00, 0x72, 0x00, 0x6f, 0x00, 0x73, 0x00, 0x6f, 0x00, 0x66, 0x00, 0x74, 0x00, 0x20, 0x00,
    0x53, 0x00, 0x61, 0x00, 0x6e, 0x00, 0x73, 0x00, 0x20, 0x00, 0x53, 0x00, 0x65, 0x00, 0x72, 0x00,
    0x69, 0x00, 0x66, 0x00, 0x00, 0x00, 0x00, 0x00, 0x00, 0x00, 0x00, 0x00, 0x00, 0x00, 0x00, 0x00,
    0x00, 0x00, 0x00, 0x00, 0x7c, 0x6b, 0xe8, 0x77, 0x00, 0x00, 0x00, 0x00, 0xf3, 0xff, 0xff, 0xff,
    0x00, 0x00, 0x00, 0x00, 0x00, 0x00, 0x00, 0x00, 0x00, 0x00, 0x00, 0x00, 0x90, 0x01, 0x00, 0x00,
    0x00, 0x00, 0x00, 0x00, 0x00, 0x00, 0x00, 0x00, 0x4d, 0x00, 0x69, 0x00, 0x63, 0x00, 0x72, 0x00,
    0x6f, 0x00, 0x73, 0x00, 0x6f, 0x00, 0x66, 0x00, 0x74, 0x00, 0x20, 0x00, 0x53, 0x00, 0x61, 0x00,
    0x6e, 0x00, 0x73, 0x00, 0x20, 0x00, 0x53, 0x00, 0x65, 0x00, 0x72, 0x00, 0x69, 0x00, 0x66, 0x00,
    0x00, 0x00, 0x00, 0x00, 0x06, 0x00, 0x00, 0x00, 0x18, 0x00, 0x00, 0x00, 0xff, 0xff, 0xff, 0xff,
    0xf0, 0x4b, 0x21, 0xfc, 0x00, 0xc4, 0xf0, 0x77, 0xf3, 0xff, 0xff, 0xff, 0x00, 0x00, 0x00, 0x00,
    0x00, 0x00, 0x00, 0x00, 0x00, 0x00, 0x00, 0x00, 0x90, 0x01, 0x00, 0x00, 0x00, 0x00, 0x00, 0x00,
    0x00, 0x00, 0x00, 0x00, 0x4d, 0x00, 0x69, 0x00, 0x63, 0x00, 0x72, 0x00, 0x6f, 0x00, 0x73, 0x00,
    0x6f, 0x00, 0x66, 0x00, 0x74, 0x00, 0x20, 0x00, 0x53, 0x00, 0x61, 0x00, 0x6e, 0x00, 0x73, 0x00,
    0x20, 0x00, 0x53, 0x00, 0x65, 0x00, 0x72, 0x00, 0x69, 0x00, 0x66, 0x00, 0x00, 0x00, 0x14, 0x00,
    0x0b, 0x00, 0x00, 0x00, 0x00, 0xff, 0x12, 0x00, 0x50, 0x00, 0x00, 0x00, 0xc0, 0xfe, 0x12, 0x00,
    0x0c, 0x10, 0x00, 0x01, 0xc0, 0xc0, 0xc0, 0x02, 0x3a, 0x6e, 0xa5, 0x02, 0x00, 0x00, 0x80, 0x00,
    0x80, 0x80, 0x80, 0x00, 0xc0, 0xc0, 0xc0, 0x00, 0xff, 0xff, 0xff, 0x02, 0x00, 0x00, 0x00, 0x02,
    0x00, 0x00, 0x00, 0x00, 0x00, 0x00, 0x00, 0x00, 0xff, 0xff, 0xff, 0x00, 0xc0, 0xc0, 0xc0, 0x02,
    0xc0, 0xc0, 0xc0, 0x02, 0x80, 0x80, 0x80, 0x02, 0x00, 0x00, 0x80, 0x00, 0xff, 0xff, 0xff, 0x00,
    0xc0, 0xc0, 0xc0, 0x02, 0x80, 0x80, 0x80, 0x02, 0x80, 0x80, 0x80, 0x02, 0x00, 0x00, 0x00, 0x02,
    0xc0, 0xc0, 0xc0, 0x00, 0xff, 0xff, 0xff, 0x02, 0x00, 0x00, 0x00, 0x02, 0xdf, 0xdf, 0xdf, 0x02,
    0x00, 0x00, 0x00, 0x00, 0xff, 0xff, 0xe1, 0x00, 0xc0, 0xc0, 0xc0, 0x00, 0x00, 0x00, 0x80, 0x02,
    0x10, 0x84, 0xd0, 0x00, 0xb5, 0xb5, 0xb5, 0x00,
];
const SCHEME_WINDOWS_STANDARD: &[u8] = &[
    0x02, 0x00, 0x00, 0x00, 0xf4, 0x01, 0x00, 0x00, 0x01, 0x00, 0x00, 0x00, 0x10, 0x00, 0x00, 0x00,
    0x10, 0x00, 0x00, 0x00, 0x12, 0x00, 0x00, 0x00, 0x12, 0x00, 0x00, 0x00, 0xf5, 0xff, 0xff, 0xff,
    0x00, 0x00, 0x00, 0x00, 0x00, 0x00, 0x00, 0x00, 0x00, 0x00, 0x00, 0x00, 0xbc, 0x02, 0x00, 0x00,
    0x00, 0x00, 0x00, 0x00, 0x00, 0x00, 0x00, 0x00, 0x54, 0x00, 0x61, 0x00, 0x68, 0x00, 0x6f, 0x00,
    0x6d, 0x00, 0x61, 0x00, 0x00, 0x00, 0x00, 0x00, 0x00, 0x00, 0x00, 0x00, 0x00, 0x00, 0x00, 0x00,
    0x00, 0x00, 0x00, 0x00, 0x00, 0x00, 0x00, 0x00, 0x00, 0x00, 0x00, 0x00, 0x00, 0x00, 0x00, 0x00,
    0x00, 0x00, 0x00, 0x00, 0x00, 0x00, 0x00, 0x00, 0x00, 0x00, 0x00, 0x00, 0x00, 0x00, 0x00, 0x00,
    0x00, 0x00, 0x00, 0x00, 0x00, 0x00, 0x00, 0x00, 0x0c, 0x00, 0x00, 0x00, 0x0c, 0x00, 0x00, 0x00,
    0xf5, 0xff, 0xff, 0xff, 0x00, 0x00, 0x00, 0x00, 0x00, 0x00, 0x00, 0x00, 0x00, 0x00, 0x00, 0x00,
    0xbc, 0x02, 0x00, 0x00, 0x00, 0x00, 0x00, 0x00, 0x00, 0x00, 0x00, 0x00, 0x54, 0x00, 0x61, 0x00,
    0x68, 0x00, 0x6f, 0x00, 0x6d, 0x00, 0x61, 0x00, 0x00, 0x00, 0x00, 0x00, 0x00, 0x00, 0x00, 0x00,
    0x00, 0x00, 0x00, 0x00, 0x00, 0x00, 0x00, 0x00, 0x00, 0x00, 0x00, 0x00, 0x00, 0x00, 0x00, 0x00,
    0x00, 0x00, 0x00, 0x00, 0x00, 0x00, 0x00, 0x00, 0x00, 0x00, 0x00, 0x00, 0x00, 0x00, 0x00, 0x00,
    0x00, 0x00, 0x00, 0x00, 0x00, 0x00, 0x00, 0x00, 0x00, 0x00, 0x00, 0x00, 0x12, 0x00, 0x00, 0x00,
    0x12, 0x00, 0x00, 0x00, 0xf5, 0xff, 0xff, 0xff, 0x00, 0x00, 0x00, 0x00, 0x00, 0x00, 0x00, 0x00,
    0x00, 0x00, 0x00, 0x00, 0x90, 0x01, 0x00, 0x00, 0x00, 0x00, 0x00, 0x00, 0x00, 0x00, 0x00, 0x00,
    0x54, 0x00, 0x61, 0x00, 0x68, 0x00, 0x6f, 0x00, 0x6d, 0x00, 0x61, 0x00, 0x00, 0x00, 0x00, 0x00,
    0x00, 0x00, 0x00, 0x00, 0x00, 0x00, 0x00, 0x00, 0x00, 0x00, 0x00, 0x00, 0x00, 0x00, 0x00, 0x00,
    0x00, 0x00, 0x00, 0x00, 0x00, 0x00, 0x00, 0x00, 0x00, 0x00, 0x00, 0x00, 0x00, 0x00, 0x00, 0x00,
    0x00, 0x00, 0x00, 0x00, 0x00, 0x00, 0x00, 0x00, 0x00, 0x00, 0x00, 0x00, 0x00, 0x00, 0x00, 0x00,
    0xf5, 0xff, 0xff, 0xff, 0x00, 0x00, 0x00, 0x00, 0x00, 0x00, 0x00, 0x00, 0x00, 0x00, 0x00, 0x00,
    0x90, 0x01, 0x00, 0x00, 0x00, 0x00, 0x00, 0x00, 0x00, 0x00, 0x00, 0x00, 0x54, 0x00, 0x61, 0x00,
    0x68, 0x00, 0x6f, 0x00, 0x6d, 0x00, 0x61, 0x00, 0x00, 0x00, 0x00, 0x00, 0x00, 0x00, 0x00, 0x00,
    0x00, 0x00, 0x00, 0x00, 0x00, 0x00, 0x00, 0x00, 0x00, 0x00, 0x00, 0x00, 0x00, 0x00, 0x00, 0x00,
    0x00, 0x00, 0x00, 0x00, 0x00, 0x00, 0x00, 0x00, 0x00, 0x00, 0x00, 0x00, 0x00, 0x00, 0x00, 0x00,
    0x00, 0x00, 0x00, 0x00, 0x00, 0x00, 0x00, 0x00, 0x00, 0x00, 0x00, 0x00, 0xf5, 0xff, 0xff, 0xff,
    0x00, 0x00, 0x00, 0x00, 0x00, 0x00, 0x00, 0x00, 0x00, 0x00, 0x00, 0x00, 0x90, 0x01, 0x00, 0x00,
    0x00, 0x00, 0x00, 0x00, 0x00, 0x00, 0x00, 0x00, 0x54, 0x00, 0x61, 0x00, 0x68, 0x00, 0x6f, 0x00,
    0x6d, 0x00, 0x61, 0x00, 0x00, 0x00, 0x00, 0x00, 0x00, 0x00, 0x00, 0x00, 0x00, 0x00, 0x00, 0x00,
    0x00, 0x00, 0x00, 0x00, 0x00, 0x00, 0x00, 0x00, 0x00, 0x00, 0x00, 0x00, 0x00, 0x00, 0x00, 0x00,
    0x00, 0x00, 0x00, 0x00, 0x00, 0x00, 0x00, 0x00, 0x00, 0x00, 0x00, 0x00, 0x00, 0x00, 0x00, 0x00,
    0x00, 0x00, 0x00, 0x00, 0x00, 0x00, 0x00, 0x00, 0xf5, 0xff, 0xff, 0xff, 0x00, 0x00, 0x00, 0x00,
    0x00, 0x00, 0x00, 0x00, 0x00, 0x00, 0x00, 0x00, 0x90, 0x01, 0x00, 0x00, 0x00, 0x00, 0x00, 0x00,
    0x00, 0x00, 0x00, 0x00, 0x54, 0x00, 0x61, 0x00, 0x68, 0x00, 0x6f, 0x00, 0x6d, 0x00, 0x61, 0x00,
    0x00, 0x00, 0x00, 0x00, 0x00, 0x00, 0x00, 0x00, 0x00, 0x00, 0x00, 0x00, 0x00, 0x00, 0x00, 0x00,
    0x00, 0x00, 0x00, 0x00, 0x00, 0x00, 0x00, 0x00, 0x00, 0x00, 0x00, 0x00, 0x00, 0x00, 0x00, 0x00,
    0x00, 0x00, 0x00, 0x00, 0x00, 0x00, 0x00, 0x00, 0x00, 0x00, 0x00, 0x00, 0x00, 0x00, 0x00, 0x00,
    0x00, 0x00, 0x00, 0x00, 0xd4, 0xd0, 0xc8, 0x00, 0x3a, 0x6e, 0xa5, 0x00, 0x0a, 0x24, 0x6a, 0x00,
    0x80, 0x80, 0x80, 0x00, 0xd4, 0xd0, 0xc8, 0x00, 0xff, 0xff, 0xff, 0x00, 0x00, 0x00, 0x00, 0x00,
    0x00, 0x00, 0x00, 0x00, 0x00, 0x00, 0x00, 0x00, 0xff, 0xff, 0xff, 0x00, 0xd4, 0xd0, 0xc8, 0x00,
    0xd4, 0xd0, 0xc8, 0x00, 0x80, 0x80, 0x80, 0x00, 0x0a, 0x24, 0x6a, 0x00, 0xff, 0xff, 0xff, 0x00,
    0xd4, 0xd0, 0xc8, 0x00, 0x80, 0x80, 0x80, 0x00, 0x80, 0x80, 0x80, 0x00, 0x00, 0x00, 0x00, 0x00,
    0xd4, 0xd0, 0xc8, 0x00, 0xff, 0xff, 0xff, 0x00, 0x40, 0x40, 0x40, 0x00, 0xd4, 0xd0, 0xc8, 0x00,
    0x00, 0x00, 0x00, 0x00, 0xff, 0xff, 0xe1, 0x00, 0xb5, 0xb5, 0xb5, 0x00, 0x00, 0x00, 0x80, 0x00,
    0xa6, 0xca, 0xf0, 0x00, 0xc0, 0xc0, 0xc0, 0x00,
];
const SCHEME_WINDOWS_STANDARD_EXTRA_LARGE: &[u8] = &[
    0x02, 0x00, 0x00, 0x00, 0xf4, 0x01, 0x00, 0x00, 0x01, 0x00, 0x00, 0x00, 0x15, 0x00, 0x00, 0x00,
    0x15, 0x00, 0x00, 0x00, 0x18, 0x00, 0x00, 0x00, 0x18, 0x00, 0x00, 0x00, 0xed, 0xff, 0xff, 0xff,
    0x00, 0x00, 0x00, 0x00, 0x00, 0x00, 0x00, 0x00, 0x00, 0x00, 0x00, 0x00, 0xbc, 0x02, 0x00, 0x00,
    0x00, 0x00, 0x00, 0x00, 0x00, 0x00, 0x00, 0x00, 0x54, 0x00, 0x61, 0x00, 0x68, 0x00, 0x6f, 0x00,
    0x6d, 0x00, 0x61, 0x00, 0x00, 0x00, 0x00, 0x00, 0x00, 0x00, 0x00, 0x00, 0x00, 0x00, 0x00, 0x00,
    0x00, 0x00, 0x00, 0x00, 0x00, 0x00, 0x00, 0x00, 0x00, 0x00, 0x00, 0x00, 0x00, 0x00, 0x00, 0x00,
    0x00, 0x00, 0x00, 0x00, 0x00, 0x00, 0x00, 0x00, 0x00, 0x00, 0x00, 0x00, 0x00, 0x00, 0x00, 0x00,
    0x00, 0x00, 0x00, 0x00, 0x00, 0x00, 0x00, 0x00, 0x12, 0x00, 0x00, 0x00, 0x12, 0x00, 0x00, 0x00,
    0xf3, 0xff, 0xff, 0xff, 0x00, 0x00, 0x00, 0x00, 0x00, 0x00, 0x00, 0x00, 0x00, 0x00, 0x00, 0x00,
    0xbc, 0x02, 0x00, 0x00, 0x00, 0x00, 0x00, 0x00, 0x00, 0x00, 0x00, 0x00, 0x54, 0x00, 0x61, 0x00,
    0x68, 0x00, 0x6f, 0x00, 0x6d, 0x00, 0x61, 0x00, 0x00, 0x00, 0x00, 0x00, 0x00, 0x00, 0x00, 0x00,
    0x00, 0x00, 0x00, 0x00, 0x00, 0x00, 0x00, 0x00, 0x00, 0x00, 0x00, 0x00, 0x00, 0x00, 0x00, 0x00,
    0x00, 0x00, 0x00, 0x00, 0x00, 0x00, 0x00, 0x00, 0x00, 0x00, 0x00, 0x00, 0x00, 0x00, 0x00, 0x00,
    0x00, 0x00, 0x00, 0x00, 0x00, 0x00, 0x00, 0x00, 0x00, 0x00, 0x00, 0x00, 0x15, 0x00, 0x00, 0x00,
    0x15, 0x00, 0x00, 0x00, 0xf0, 0xff, 0xff, 0xff, 0x00, 0x00, 0x00, 0x00, 0x00, 0x00, 0x00, 0x00,
    0x00, 0x00, 0x00, 0x00, 0x90, 0x01, 0x00, 0x00, 0x00, 0x00, 0x00, 0x00, 0x00, 0x00, 0x00, 0x00,
    0x54, 0x00, 0x61, 0x00, 0x68, 0x00, 0x6f, 0x00, 0x6d, 0x00, 0x61, 0x00, 0x00, 0x00, 0x00, 0x00,
    0x00, 0x00, 0x00, 0x00, 0x00, 0x00, 0x00, 0x00, 0x00, 0x00, 0x00, 0x00, 0x00, 0x00, 0x00, 0x00,
    0x00, 0x00, 0x00, 0x00, 0x00, 0x00, 0x00, 0x00, 0x00, 0x00, 0x00, 0x00, 0x00, 0x00, 0x00, 0x00,
    0x00, 0x00, 0x00, 0x00, 0x00, 0x00, 0x00, 0x00, 0x00, 0x00, 0x00, 0x00, 0x00, 0x00, 0x00, 0x00,
    0xf3, 0xff, 0xff, 0xff, 0x00, 0x00, 0x00, 0x00, 0x00, 0x00, 0x00, 0x00, 0x00, 0x00, 0x00, 0x00,
    0x90, 0x01, 0x00, 0x00, 0x00, 0x00, 0x00, 0x00, 0x00, 0x00, 0x00, 0x00, 0x54, 0x00, 0x61, 0x00,
    0x68, 0x00, 0x6f, 0x00, 0x6d, 0x00, 0x61, 0x00, 0x00, 0x00, 0x00, 0x00, 0x00, 0x00, 0x00, 0x00,
    0x00, 0x00, 0x00, 0x00, 0x00, 0x00, 0x00, 0x00, 0x00, 0x00, 0x00, 0x00, 0x00, 0x00, 0x00, 0x00,
    0x00, 0x00, 0x00, 0x00, 0x00, 0x00, 0x00, 0x00, 0x00, 0x00, 0x00, 0x00, 0x00, 0x00, 0x00, 0x00,
    0x00, 0x00, 0x00, 0x00, 0x00, 0x00, 0x00, 0x00, 0x00, 0x00, 0x00, 0x00, 0xf0, 0xff, 0xff, 0xff,
    0x00, 0x00, 0x00, 0x00, 0x00, 0x00, 0x00, 0x00, 0x00, 0x00, 0x00, 0x00, 0x90, 0x01, 0x00, 0x00,
    0x00, 0x00, 0x00, 0x00, 0x00, 0x00, 0x00, 0x00, 0x54, 0x00, 0x61, 0x00, 0x68, 0x00, 0x6f, 0x00,
    0x6d, 0x00, 0x61, 0x00, 0x00, 0x00, 0x00, 0x00, 0x00, 0x00, 0x00, 0x00, 0x00, 0x00, 0x00, 0x00,
    0x00, 0x00, 0x00, 0x00, 0x00, 0x00, 0x00, 0x00, 0x00, 0x00, 0x00, 0x00, 0x00, 0x00, 0x00, 0x00,
    0x00, 0x00, 0x00, 0x00, 0x00, 0x00, 0x00, 0x00, 0x00, 0x00, 0x00, 0x00, 0x00, 0x00, 0x00, 0x00,
    0x00, 0x00, 0x00, 0x00, 0x00, 0x00, 0x00, 0x00, 0xf0, 0xff, 0xff, 0xff, 0x00, 0x00, 0x00, 0x00,
    0x00, 0x00, 0x00, 0x00, 0x00, 0x00, 0x00, 0x00, 0x90, 0x01, 0x00, 0x00, 0x00, 0x00, 0x00, 0x00,
    0x00, 0x00, 0x00, 0x00, 0x54, 0x00, 0x61, 0x00, 0x68, 0x00, 0x6f, 0x00, 0x6d, 0x00, 0x61, 0x00,
    0x00, 0x00, 0x00, 0x00, 0x00, 0x00, 0x00, 0x00, 0x00, 0x00, 0x00, 0x00, 0x00, 0x00, 0x00, 0x00,
    0x00, 0x00, 0x00, 0x00, 0x00, 0x00, 0x00, 0x00, 0x00, 0x00, 0x00, 0x00, 0x00, 0x00, 0x00, 0x00,
    0x00, 0x00, 0x00, 0x00, 0x00, 0x00, 0x00, 0x00, 0x00, 0x00, 0x00, 0x00, 0x00, 0x00, 0x00, 0x00,
    0x00, 0x00, 0x00, 0x00, 0xd4, 0xd0, 0xc8, 0x00, 0x3a, 0x6e, 0xa5, 0x00, 0x0a, 0x24, 0x6a, 0x00,
    0x80, 0x80, 0x80, 0x00, 0xd4, 0xd0, 0xc8, 0x00, 0xff, 0xff, 0xff, 0x00, 0x00, 0x00, 0x00, 0x00,
    0x00, 0x00, 0x00, 0x00, 0x00, 0x00, 0x00, 0x00, 0xff, 0xff, 0xff, 0x00, 0xd4, 0xd0, 0xc8, 0x00,
    0xd4, 0xd0, 0xc8, 0x00, 0x80, 0x80, 0x80, 0x00, 0x0a, 0x24, 0x6a, 0x00, 0xff, 0xff, 0xff, 0x00,
    0xd4, 0xd0, 0xc8, 0x00, 0x80, 0x80, 0x80, 0x00, 0x80, 0x80, 0x80, 0x00, 0x00, 0x00, 0x00, 0x00,
    0xd4, 0xd0, 0xc8, 0x00, 0xff, 0xff, 0xff, 0x00, 0x40, 0x40, 0x40, 0x00, 0xd4, 0xd0, 0xc8, 0x00,
    0x00, 0x00, 0x00, 0x00, 0xff, 0xff, 0xe1, 0x00, 0xb5, 0xb5, 0xb5, 0x00, 0x00, 0x00, 0x80, 0x00,
    0xa6, 0xca, 0xf0, 0x00, 0xc0, 0xc0, 0xc0, 0x00,
];
const SCHEME_WINDOWS_STANDARD_LARGE: &[u8] = &[
    0x02, 0x00, 0x00, 0x00, 0xf4, 0x01, 0x00, 0x00, 0x01, 0x00, 0x00, 0x00, 0x12, 0x00, 0x00, 0x00,
    0x12, 0x00, 0x00, 0x00, 0x15, 0x00, 0x00, 0x00, 0x15, 0x00, 0x00, 0x00, 0xf0, 0xff, 0xff, 0xff,
    0x00, 0x00, 0x00, 0x00, 0x00, 0x00, 0x00, 0x00, 0x00, 0x00, 0x00, 0x00, 0xbc, 0x02, 0x00, 0x00,
    0x00, 0x00, 0x00, 0x00, 0x00, 0x00, 0x00, 0x00, 0x54, 0x00, 0x61, 0x00, 0x68, 0x00, 0x6f, 0x00,
    0x6d, 0x00, 0x61, 0x00, 0x00, 0x00, 0x00, 0x00, 0x00, 0x00, 0x00, 0x00, 0x00, 0x00, 0x00, 0x00,
    0x00, 0x00, 0x00, 0x00, 0x00, 0x00, 0x00, 0x00, 0x00, 0x00, 0x00, 0x00, 0x00, 0x00, 0x00, 0x00,
    0x00, 0x00, 0x00, 0x00, 0x00, 0x00, 0x00, 0x00, 0x00, 0x00, 0x00, 0x00, 0x00, 0x00, 0x00, 0x00,
    0x00, 0x00, 0x00, 0x00, 0x00, 0x00, 0x00, 0x00, 0x12, 0x00, 0x00, 0x00, 0x12, 0x00, 0x00, 0x00,
    0xf3, 0xff, 0xff, 0xff, 0x00, 0x00, 0x00, 0x00, 0x00, 0x00, 0x00, 0x00, 0x00, 0x00, 0x00, 0x00,
    0xbc, 0x02, 0x00, 0x00, 0x00, 0x00, 0x00, 0x00, 0x00, 0x00, 0x00, 0x00, 0x54, 0x00, 0x61, 0x00,
    0x68, 0x00, 0x6f, 0x00, 0x6d, 0x00, 0x61, 0x00, 0x00, 0x00, 0x00, 0x00, 0x00, 0x00, 0x00, 0x00,
    0x00, 0x00, 0x00, 0x00, 0x00, 0x00, 0x00, 0x00, 0x00, 0x00, 0x00, 0x00, 0x00, 0x00, 0x00, 0x00,
    0x00, 0x00, 0x00, 0x00, 0x00, 0x00, 0x00, 0x00, 0x00, 0x00, 0x00, 0x00, 0x00, 0x00, 0x00, 0x00,
    0x00, 0x00, 0x00, 0x00, 0x00, 0x00, 0x00, 0x00, 0x00, 0x00, 0x00, 0x00, 0x12, 0x00, 0x00, 0x00,
    0x12, 0x00, 0x00, 0x00, 0xf3, 0xff, 0xff, 0xff, 0x00, 0x00, 0x00, 0x00, 0x00, 0x00, 0x00, 0x00,
    0x00, 0x00, 0x00, 0x00, 0x90, 0x01, 0x00, 0x00, 0x00, 0x00, 0x00, 0x00, 0x00, 0x00, 0x00, 0x00,
    0x54, 0x00, 0x61, 0x00, 0x68, 0x00, 0x6f, 0x00, 0x6d, 0x00, 0x61, 0x00, 0x00, 0x00, 0x00, 0x00,
    0x00, 0x00, 0x00, 0x00, 0x00, 0x00, 0x00, 0x00, 0x00, 0x00, 0x00, 0x00, 0x00, 0x00, 0x00, 0x00,
    0x00, 0x00, 0x00, 0x00, 0x00, 0x00, 0x00, 0x00, 0x00, 0x00, 0x00, 0x00, 0x00, 0x00, 0x00, 0x00,
    0x00, 0x00, 0x00, 0x00, 0x00, 0x00, 0x00, 0x00, 0x00, 0x00, 0x00, 0x00, 0x00, 0x00, 0x00, 0x00,
    0xf3, 0xff, 0xff, 0xff, 0x00, 0x00, 0x00, 0x00, 0x00, 0x00, 0x00, 0x00, 0x00, 0x00, 0x00, 0x00,
    0x90, 0x01, 0x00, 0x00, 0x00, 0x00, 0x00, 0x00, 0x00, 0x00, 0x00, 0x00, 0x54, 0x00, 0x61, 0x00,
    0x68, 0x00, 0x6f, 0x00, 0x6d, 0x00, 0x61, 0x00, 0x00, 0x00, 0x00, 0x00, 0x00, 0x00, 0x00, 0x00,
    0x00, 0x00, 0x00, 0x00, 0x00, 0x00, 0x00, 0x00, 0x00, 0x00, 0x00, 0x00, 0x00, 0x00, 0x00, 0x00,
    0x00, 0x00, 0x00, 0x00, 0x00, 0x00, 0x00, 0x00, 0x00, 0x00, 0x00, 0x00, 0x00, 0x00, 0x00, 0x00,
    0x00, 0x00, 0x00, 0x00, 0x00, 0x00, 0x00, 0x00, 0x00, 0x00, 0x00, 0x00, 0xf3, 0xff, 0xff, 0xff,
    0x00, 0x00, 0x00, 0x00, 0x00, 0x00, 0x00, 0x00, 0x00, 0x00, 0x00, 0x00, 0x90, 0x01, 0x00, 0x00,
    0x00, 0x00, 0x00, 0x00, 0x00, 0x00, 0x00, 0x00, 0x54, 0x00, 0x61, 0x00, 0x68, 0x00, 0x6f, 0x00,
    0x6d, 0x00, 0x61, 0x00, 0x00, 0x00, 0x00, 0x00, 0x00, 0x00, 0x00, 0x00, 0x00, 0x00, 0x00, 0x00,
    0x00, 0x00, 0x00, 0x00, 0x00, 0x00, 0x00, 0x00, 0x00, 0x00, 0x00, 0x00, 0x00, 0x00, 0x00, 0x00,
    0x00, 0x00, 0x00, 0x00, 0x00, 0x00, 0x00, 0x00, 0x00, 0x00, 0x00, 0x00, 0x00, 0x00, 0x00, 0x00,
    0x00, 0x00, 0x00, 0x00, 0x00, 0x00, 0x00, 0x00, 0xf3, 0xff, 0xff, 0xff, 0x00, 0x00, 0x00, 0x00,
    0x00, 0x00, 0x00, 0x00, 0x00, 0x00, 0x00, 0x00, 0x90, 0x01, 0x00, 0x00, 0x00, 0x00, 0x00, 0x00,
    0x00, 0x00, 0x00, 0x00, 0x54, 0x00, 0x61, 0x00, 0x68, 0x00, 0x6f, 0x00, 0x6d, 0x00, 0x61, 0x00,
    0x00, 0x00, 0x00, 0x00, 0x00, 0x00, 0x00, 0x00, 0x00, 0x00, 0x00, 0x00, 0x00, 0x00, 0x00, 0x00,
    0x00, 0x00, 0x00, 0x00, 0x00, 0x00, 0x00, 0x00, 0x00, 0x00, 0x00, 0x00, 0x00, 0x00, 0x00, 0x00,
    0x00, 0x00, 0x00, 0x00, 0x00, 0x00, 0x00, 0x00, 0x00, 0x00, 0x00, 0x00, 0x00, 0x00, 0x00, 0x00,
    0x00, 0x00, 0x00, 0x00, 0xd4, 0xd0, 0xc8, 0x00, 0x3a, 0x6e, 0xa5, 0x00, 0x0a, 0x24, 0x6a, 0x00,
    0x80, 0x80, 0x80, 0x00, 0xd4, 0xd0, 0xc8, 0x00, 0xff, 0xff, 0xff, 0x00, 0x00, 0x00, 0x00, 0x00,
    0x00, 0x00, 0x00, 0x00, 0x00, 0x00, 0x00, 0x00, 0xff, 0xff, 0xff, 0x00, 0xd4, 0xd0, 0xc8, 0x00,
    0xd4, 0xd0, 0xc8, 0x00, 0x80, 0x80, 0x80, 0x00, 0x0a, 0x24, 0x6a, 0x00, 0xff, 0xff, 0xff, 0x00,
    0xd4, 0xd0, 0xc8, 0x00, 0x80, 0x80, 0x80, 0x00, 0x80, 0x80, 0x80, 0x00, 0x00, 0x00, 0x00, 0x00,
    0xd4, 0xd0, 0xc8, 0x00, 0xff, 0xff, 0xff, 0x00, 0x40, 0x40, 0x40, 0x00, 0xd4, 0xd0, 0xc8, 0x00,
    0x00, 0x00, 0x00, 0x00, 0xff, 0xff, 0xe1, 0x00, 0xb5, 0xb5, 0xb5, 0x00, 0x00, 0x00, 0x80, 0x00,
    0xa6, 0xca, 0xf0, 0x00, 0xc0, 0xc0, 0xc0, 0x00,
];

/// Add extra classic visual appearance schemes to the active user's registry hive.
///
/// Writes predefined schemes directly to `Control Panel\Appearance\Schemes`
/// in the active interactive user's hive.
pub fn add_extra_classic_schemes() -> Result<()> {
    let active_user_root_key = session::open_active_user_registry_root()?;
    let (schemes_subkey, _disposition) = active_user_root_key
        .create_subkey_with_flags(APPEARANCE_SCHEMES_SUBKEY_PATH, KEY_ALL_ACCESS)
        .with_context(|| {
            t!(
                "ERROR_OPEN_ACTIVE_USER_SUBKEY_FAILED",
                subkey_path = APPEARANCE_SCHEMES_SUBKEY_PATH
            )
        })?;

    let extra_schemes = [
        ("Brick", SCHEME_BRICK),
        ("Desert", SCHEME_DESERT),
        ("Eggplant", SCHEME_EGGPLANT),
        ("High Contrast #1", SCHEME_HIGH_CONTRAST_1),
        (
            "High Contrast #1 (extra large)",
            SCHEME_HIGH_CONTRAST_1_EXTRA_LARGE,
        ),
        ("High Contrast #1 (large)", SCHEME_HIGH_CONTRAST_1_LARGE),
        ("High Contrast #2", SCHEME_HIGH_CONTRAST_2),
        (
            "High Contrast #2 (extra large)",
            SCHEME_HIGH_CONTRAST_2_EXTRA_LARGE,
        ),
        ("High Contrast #2 (large)", SCHEME_HIGH_CONTRAST_2_LARGE),
        ("High Contrast Black", SCHEME_HIGH_CONTRAST_BLACK),
        (
            "High Contrast Black (extra large)",
            SCHEME_HIGH_CONTRAST_BLACK_EXTRA_LARGE,
        ),
        (
            "High Contrast Black (large)",
            SCHEME_HIGH_CONTRAST_BLACK_LARGE,
        ),
        ("High Contrast White", SCHEME_HIGH_CONTRAST_WHITE),
        (
            "High Contrast White (extra large)",
            SCHEME_HIGH_CONTRAST_WHITE_EXTRA_LARGE,
        ),
        (
            "High Contrast White (large)",
            SCHEME_HIGH_CONTRAST_WHITE_LARGE,
        ),
        ("Lilac", SCHEME_LILAC),
        ("Lilac (large)", SCHEME_LILAC_LARGE),
        ("Maple", SCHEME_MAPLE),
        ("Marine (high color)", SCHEME_MARINE_HIGH_COLOR),
        ("Plum (high color)", SCHEME_PLUM_HIGH_COLOR),
        ("Pumpkin (large)", SCHEME_PUMPKIN_LARGE),
        ("Rainy Day", SCHEME_RAINY_DAY),
        ("Red, White, and Blue (VGA)", SCHEME_RED_WHITE_AND_BLUE_VGA),
        ("Rose", SCHEME_ROSE),
        ("Rose (large)", SCHEME_ROSE_LARGE),
        ("Slate", SCHEME_SLATE),
        ("Spruce", SCHEME_SPRUCE),
        ("Storm (VGA)", SCHEME_STORM_VGA),
        ("Teal (VGA)", SCHEME_TEAL_VGA),
        ("Wheat", SCHEME_WHEAT),
        ("Windows Classic", SCHEME_WINDOWS_CLASSIC),
        (
            "Windows Classic (extra large)",
            SCHEME_WINDOWS_CLASSIC_EXTRA_LARGE,
        ),
        ("Windows Classic (large)", SCHEME_WINDOWS_CLASSIC_LARGE),
        ("Windows Standard", SCHEME_WINDOWS_STANDARD),
        (
            "Windows Standard (extra large)",
            SCHEME_WINDOWS_STANDARD_EXTRA_LARGE,
        ),
        ("Windows Standard (large)", SCHEME_WINDOWS_STANDARD_LARGE),
    ];

    for (scheme_value_name, scheme_value_data) in extra_schemes {
        let registry_value = RegValue {
            vtype: RegType::REG_BINARY,
            bytes: Cow::Borrowed(scheme_value_data),
        };

        schemes_subkey
            .set_raw_value(scheme_value_name, &registry_value)
            .with_context(|| {
                t!(
                    "ERROR_REGISTRY_SET_VALUE_FAILED",
                    value_name = scheme_value_name
                )
            })?;
    }

    Ok(())
}
